log_id,user_id,action,action_id,server_response,current_period
1,09ffa5c3-e673-432e-99d3-1c8695ecedf1,первый заход на сайт,47ec284a-13ac-4037-b33f-4e21a6d80fa2,успех,2025-03-27 11:09:00
2,5fb8a0e4-0a58-48e7-818c-f83ae1c267d3,регистрация,8f7503c1-ad6c-41a9-a923-ade25fdebc8f,успех,2025-03-27 18:21:00
3,896d89e7-8a09-4c65-8d39-993edc87361e,логин,acce7fa4-0ec1-4812-a001-757386ec677a,успех,2025-03-27 15:43:00
4,50731cf2-5745-4fbc-a480-fe7113f1520c,логин,dbf9cf04-18f8-43d6-b2a8-3ef2fb479e97,успех,2025-03-27 19:41:00
5,ef11ca3d-3647-441f-bfab-4c56acb061bd,логаут,a466250d-fd72-4a55-a372-9a218a104a7c,успех,2025-03-27 05:26:00
6,0258aa08-c8a6-4102-80bc-25fea87a6101,создание темы,6b588c04-7c42-4a11-98db-a11c2d738a8c,успех,2025-03-27 08:20:00
7,09ffa5c3-e673-432e-99d3-1c8695ecedf1,создание темы,01339659-7f03-4162-8d46-45c7c221e491,успех,2025-03-27 17:16:00
8,09ffa5c3-e673-432e-99d3-1c8695ecedf1,создание темы,373ac66d-09d9-47aa-ad54-bc36e4ec3954,успех,2025-03-27 20:38:00
9,fcb0a6e6-c97f-4d59-8f19-35e2668951c6,создание темы,1f6217d8-f734-44d9-8249-33aaea670d74,успех,2025-03-27 04:59:00
10,,заход на тему,7bd2f2f6-b069-4a18-9c9b-e358361882bd,успех,2025-03-27 23:31:00
11,,заход на тему,d79cf83a-94c6-4cbc-b446-09540bc6b3f1,успех,2025-03-27 20:15:00
12,,заход на тему,8ee7debd-bd98-48e7-b7a5-941c6855c235,успех,2025-03-27 23:38:00
13,,заход на тему,39215511-9b14-4e34-9551-443dccbd120e,успех,2025-03-27 05:20:00
14,,заход на тему,34b965e6-f1ee-4b47-bae2-0d664ba3c1fd,успех,2025-03-27 14:50:00
15,,заход на тему,9e956039-a277-45aa-8309-504774a62336,успех,2025-03-27 17:01:00
16,,заход на тему,246dc5d7-8dd9-4e03-b4b0-229fb6eb6cd7,успех,2025-03-27 19:24:00
17,,удаление темы,10159448-0bc1-47d7-ac5e-ea5ad0616e5b,успех,2025-03-27 07:26:00
18,,удаление темы,e3745f84-8003-4ff9-a223-c2ccf1d93f02,успех,2025-03-27 14:22:00
19,,написание сообщения,eb7b28e0-39ad-4e4e-8910-384ce6336ec6,ошибка,2025-03-27 10:50:00
20,,написание сообщения,6c4d0297-cd22-417a-8019-bc2ff2f0b94d,ошибка,2025-03-27 21:34:00
21,,написание сообщения,89648001-40fa-496c-b564-63ef884e6ff8,ошибка,2025-03-27 03:23:00
22,896d89e7-8a09-4c65-8d39-993edc87361e,первый заход на сайт,8e237a9f-61e1-43d6-b73a-cc299df7349e,успех,2025-03-28 23:53:00
23,09ffa5c3-e673-432e-99d3-1c8695ecedf1,регистрация,72e5257f-4c60-428f-8fd1-5f0d400bdbf4,успех,2025-03-28 04:38:00
24,e2cfd331-bcc4-4ba5-b0fb-40e4a7e3b317,логин,f49e7d76-c712-427c-b52f-97fd43395cdf,успех,2025-03-28 04:40:00
25,50731cf2-5745-4fbc-a480-fe7113f1520c,логин,34075924-f072-4ba1-99ad-a768e876c199,успех,2025-03-28 03:35:00
26,d2ec4243-2256-4597-80cf-125c4319d66f,логин,42995edb-ec29-4fae-b6e8-ef6f0d3a042a,успех,2025-03-28 01:11:00
27,e2cfd331-bcc4-4ba5-b0fb-40e4a7e3b317,логин,c4850365-c1ee-427b-8d3f-199829b4f235,успех,2025-03-28 19:57:00
28,896d89e7-8a09-4c65-8d39-993edc87361e,логин,d619c472-6ba4-425d-bf07-b512b2530efe,успех,2025-03-28 00:20:00
29,0258aa08-c8a6-4102-80bc-25fea87a6101,логаут,7e9b66d8-a0f1-42d6-83ec-6c8c81b9f7fb,успех,2025-03-28 06:02:00
30,50731cf2-5745-4fbc-a480-fe7113f1520c,логаут,ad63df41-9cec-4276-acb5-d722361ca63d,успех,2025-03-28 04:46:00
31,66e19318-5480-405e-b259-077b6439681d,логаут,dac2d13f-558c-4a63-8b33-153728d52bc1,успех,2025-03-28 01:05:00
32,fcb0a6e6-c97f-4d59-8f19-35e2668951c6,логаут,0b4fc9d3-84a1-4cf2-b498-d27fd0819ecb,успех,2025-03-28 10:42:00
33,dcd0de93-5441-41f0-b7c2-601414e4d197,логаут,eb5c6dda-c6fb-4fcc-be90-975eb6cc5464,успех,2025-03-28 13:25:00
34,50731cf2-5745-4fbc-a480-fe7113f1520c,создание темы,9ffef796-500f-4cb6-ad10-9b4850d6bc7b,успех,2025-03-28 02:09:00
35,896d89e7-8a09-4c65-8d39-993edc87361e,создание темы,3662d8ae-d6e8-4551-8733-a501d736f66b,успех,2025-03-28 19:55:00
36,896d89e7-8a09-4c65-8d39-993edc87361e,создание темы,203a8594-9fe5-40b2-8134-2b697d391008,успех,2025-03-28 05:06:00
37,28bb5788-c19a-45c1-9d48-ed101e54ddac,создание темы,d603c1a4-42ad-4d93-81f4-557e086d922c,успех,2025-03-28 20:45:00
38,fcb0a6e6-c97f-4d59-8f19-35e2668951c6,создание темы,fe216f12-0c2a-42f0-9425-759ddbb7b113,успех,2025-03-28 08:45:00
39,,заход на тему,291d8a52-1212-450e-bb25-81a117e75933,успех,2025-03-28 00:04:00
40,,заход на тему,b11bcec7-9870-44fe-9602-45f83626b2f4,успех,2025-03-28 10:32:00
41,,заход на тему,ddae6b8b-d1c8-4f73-a29a-3128ad8bf1b3,успех,2025-03-28 05:15:00
42,,заход на тему,4c423872-c86f-445e-8872-5c29bd13649e,успех,2025-03-28 17:31:00
43,,заход на тему,eb5fef14-7066-4d79-9a6c-ae00177b47a3,успех,2025-03-28 12:44:00
44,,заход на тему,8234e084-93c5-4bbc-b12b-bcafafa52ab2,успех,2025-03-28 11:42:00
45,,заход на тему,28f381c9-9947-4db7-b9db-6364006841ea,успех,2025-03-28 01:24:00
46,,заход на тему,48806c92-a826-4b99-833a-730f37d87578,успех,2025-03-28 22:37:00
47,,удаление темы,ab97809a-1eec-4d10-b2a5-197004aed6af,успех,2025-03-28 04:37:00
48,,удаление темы,396db8c1-e5a6-453a-b17f-ef892758b68c,успех,2025-03-28 01:19:00
49,fda5e13d-0f99-472f-99af-8a901bfc45ac,написание сообщения,757a37bf-03e5-49e3-bcf3-c04f043a46b8,успех,2025-03-28 07:25:00
50,d2ec4243-2256-4597-80cf-125c4319d66f,написание сообщения,811f620a-2a70-48ef-9e7e-251a9ca73979,успех,2025-03-28 13:57:00
51,e2cfd331-bcc4-4ba5-b0fb-40e4a7e3b317,написание сообщения,15d3a328-9b3f-4ea5-a999-5d30de7b80ae,успех,2025-03-28 15:44:00
52,,написание сообщения,4c1b6094-1879-410e-b000-7c8688fb397b,ошибка,2025-03-28 00:00:00
53,896d89e7-8a09-4c65-8d39-993edc87361e,первый заход на сайт,6c6a17ff-4fd6-4b87-be1e-1d1734374fae,успех,2025-03-29 14:47:00
54,43a0434a-6c4a-4fc9-a8b8-ca5be09e01cc,регистрация,6031aede-a969-4dae-bfdf-ef53fa26e752,успех,2025-03-29 08:35:00
55,0258aa08-c8a6-4102-80bc-25fea87a6101,логин,f8a49c16-10d3-4d16-a379-811320a0f55b,успех,2025-03-29 17:47:00
56,e2cfd331-bcc4-4ba5-b0fb-40e4a7e3b317,логаут,bc1ab9fd-0a81-4f17-9ac5-6de640320ed9,успех,2025-03-29 11:51:00
57,43a0434a-6c4a-4fc9-a8b8-ca5be09e01cc,логаут,3f4213a8-c36c-4e25-8fa6-a02ce7187c22,успех,2025-03-29 09:31:00
58,43a0434a-6c4a-4fc9-a8b8-ca5be09e01cc,создание темы,dfa88dbd-6b0b-47a7-bf96-54ea010599fc,успех,2025-03-29 00:51:00
59,5fb8a0e4-0a58-48e7-818c-f83ae1c267d3,создание темы,4e73a261-09cc-4d2c-9287-734dff4ad993,успех,2025-03-29 16:28:00
60,e178b7c2-0e5a-4b0e-a7ad-afc1badc91f8,создание темы,d2d7a683-77e3-465d-9827-cb86a0932b33,успех,2025-03-29 06:13:00
61,5fb8a0e4-0a58-48e7-818c-f83ae1c267d3,создание темы,736cc6ca-cb53-41a0-b9b0-fe2db67e2f83,успех,2025-03-29 03:43:00
62,,заход на тему,91371cb0-b85b-45dd-bdb7-c1c0acfb3f73,успех,2025-03-29 20:30:00
63,,заход на тему,96bff0b4-83f8-4b6c-ae3c-ef0e34428127,успех,2025-03-29 20:14:00
64,,заход на тему,29f04310-997e-456c-833e-6ca67e58b956,успех,2025-03-29 17:49:00
65,,заход на тему,443f8219-57fe-4a61-9e0b-45d77bb8f21b,успех,2025-03-29 02:34:00
66,,заход на тему,c605895c-ae76-43cc-b772-1cdf8c211d1f,успех,2025-03-29 03:51:00
67,,заход на тему,9ced3217-e134-457d-87ae-0d7b7afc8c53,успех,2025-03-29 14:41:00
68,,заход на тему,ca877a11-3f33-4854-b214-aed12f3ddcb1,успех,2025-03-29 02:41:00
69,,заход на тему,4e78e8a2-c5b6-4747-a740-2cb685d9a77a,успех,2025-03-29 23:31:00
70,,удаление темы,b9f74618-fe78-41b1-a77d-b1e0fde02235,успех,2025-03-29 13:11:00
71,,удаление темы,069e398f-e5b3-4b9b-92e7-ba066ec2b187,успех,2025-03-29 22:19:00
72,,удаление темы,1587a80a-2548-4154-8042-c55fe32e7fa7,успех,2025-03-29 03:46:00
73,,написание сообщения,249d2e79-3513-433f-a37e-f7577d5bdc5d,ошибка,2025-03-29 01:46:00
74,,написание сообщения,6de8fca0-ee5d-4ce0-94da-28503a17d6ea,ошибка,2025-03-29 22:20:00
75,,написание сообщения,9a5b63e1-6fa8-42ee-aa70-f25cfc7f93ec,ошибка,2025-03-29 08:13:00
76,,написание сообщения,ad8a11a0-2200-47b3-a224-36e020ade4f3,ошибка,2025-03-29 15:08:00
77,1fd0ff14-1b8b-48f6-a40b-b9257057322b,написание сообщения,90453f00-3cd2-49ad-9158-9b9140dabfdd,успех,2025-03-29 03:37:00
78,8621f3ca-b880-4ff6-90be-4f452da51eca,первый заход на сайт,59fc3602-14d1-4ceb-8567-25f235ded7b9,успех,2025-03-30 05:04:00
79,896d89e7-8a09-4c65-8d39-993edc87361e,регистрация,24b7b6e4-dde5-46f8-947b-652d89557f8f,успех,2025-03-30 15:19:00
80,dcd0de93-5441-41f0-b7c2-601414e4d197,логин,ea92b251-33aa-46d1-9212-d6ab3ada9b25,успех,2025-03-30 06:26:00
81,e178b7c2-0e5a-4b0e-a7ad-afc1badc91f8,логаут,a92c8c4c-f419-43e8-ab1f-f557c41528df,успех,2025-03-30 22:45:00
82,b7efcb0a-3847-4745-a9a5-a669bd21fd2a,логаут,c122d8ee-f1cd-4ec8-b933-a8f5ad8c37ab,успех,2025-03-30 19:47:00
83,5fb8a0e4-0a58-48e7-818c-f83ae1c267d3,логаут,b4314fb7-5e42-4f0d-8070-c873f30fd7f7,успех,2025-03-30 07:42:00
84,896d89e7-8a09-4c65-8d39-993edc87361e,логаут,9f9c5ec1-0488-4a40-94cc-bb8ac2eef77a,успех,2025-03-30 14:50:00
85,1fd0ff14-1b8b-48f6-a40b-b9257057322b,логаут,e107546f-525c-472a-8149-7994a9afa522,успех,2025-03-30 06:20:00
86,e178b7c2-0e5a-4b0e-a7ad-afc1badc91f8,создание темы,b8ddcfa1-df6b-4895-91a4-ffbfb10f610e,успех,2025-03-30 00:04:00
87,5fb8a0e4-0a58-48e7-818c-f83ae1c267d3,создание темы,d6dc7495-08c9-4658-9921-974806958737,успех,2025-03-30 08:46:00
88,,заход на тему,8d61c397-4026-49f1-9906-f26f05a66b5f,успех,2025-03-30 10:53:00
89,,заход на тему,5b9394e7-45c5-4582-9755-fac25b49bfb4,успех,2025-03-30 19:14:00
90,,заход на тему,511b3d39-37f6-4d90-afa2-0a473c639c6b,успех,2025-03-30 08:52:00
91,,заход на тему,0957898c-15ab-4528-a3f4-c2d339491be8,успех,2025-03-30 18:10:00
92,,заход на тему,2e0c2eb8-06d9-432d-bfa1-4df5e1779e44,успех,2025-03-30 04:47:00
93,,удаление темы,91ce1703-0ca3-4f0f-a940-2a311a6d5f23,успех,2025-03-30 18:55:00
94,,удаление темы,3c6fb701-03f9-4a55-8c1a-b16fc1043576,успех,2025-03-30 23:36:00
95,,написание сообщения,a9f486e7-4ec1-42c2-8753-35fd37c2d757,ошибка,2025-03-30 20:28:00
96,,написание сообщения,9721ad5e-8b32-4fc1-b527-1358e9087184,ошибка,2025-03-30 06:25:00
97,,написание сообщения,804aaaec-afbe-4bdd-af51-c7146865e58e,ошибка,2025-03-30 04:31:00
98,fcb0a6e6-c97f-4d59-8f19-35e2668951c6,первый заход на сайт,9512d3ce-84f8-48ff-bdd6-06425f4b5ab8,успех,2025-03-31 10:31:00
99,b7efcb0a-3847-4745-a9a5-a669bd21fd2a,регистрация,0438a20f-b648-458e-b9bb-3807896e7a67,успех,2025-03-31 16:28:00
100,43a0434a-6c4a-4fc9-a8b8-ca5be09e01cc,логин,ad713622-f537-45f3-8ed7-a5b1d2c3f20a,успех,2025-03-31 12:49:00
101,dcd0de93-5441-41f0-b7c2-601414e4d197,логаут,71af33c5-e2f8-4c7d-aec5-2738ed6c9761,успех,2025-03-31 22:20:00
102,1fd0ff14-1b8b-48f6-a40b-b9257057322b,логаут,bdc2e1f4-2f6d-447f-be38-165aea5c58b3,успех,2025-03-31 17:36:00
103,66e19318-5480-405e-b259-077b6439681d,логаут,74427b33-0f08-4822-af3b-e2da67020703,успех,2025-03-31 08:40:00
104,fcb0a6e6-c97f-4d59-8f19-35e2668951c6,логаут,f14f1acd-a4c3-4e04-91e5-3168abaa6d80,успех,2025-03-31 12:15:00
105,ef11ca3d-3647-441f-bfab-4c56acb061bd,создание темы,646f49c0-5ab2-492c-b3ea-2d5c16d758a2,успех,2025-03-31 12:44:00
106,43a0434a-6c4a-4fc9-a8b8-ca5be09e01cc,создание темы,94709d5f-c790-4e86-a0dd-4fc5becd7b7d,успех,2025-03-31 05:33:00
107,b7efcb0a-3847-4745-a9a5-a669bd21fd2a,создание темы,ef9133d7-f99b-4101-859b-86814a1b9601,успех,2025-03-31 05:38:00
108,,заход на тему,64810ae9-1859-42fb-8f4d-92f0f2e92727,успех,2025-03-31 09:38:00
109,,заход на тему,537cee44-4576-48f2-a135-0a2568bb7f22,успех,2025-03-31 04:48:00
110,,заход на тему,54ee2fb0-709e-49ec-9333-c5996f5fdd59,успех,2025-03-31 18:24:00
111,,заход на тему,5a9469c6-29cb-4ea6-9830-8e7b644b1fee,успех,2025-03-31 06:57:00
112,,заход на тему,90984f84-23ab-4e27-8719-1dbe9a687dbc,успех,2025-03-31 21:20:00
113,,заход на тему,c44d0c66-4dde-4f7e-9bd4-ac35bf9949ec,успех,2025-03-31 19:46:00
114,,заход на тему,77ac43ee-30ca-49af-a530-206b98bdd071,успех,2025-03-31 05:32:00
115,,заход на тему,a3a7101f-9fa6-4e60-97f2-70baf2770d7b,успех,2025-03-31 14:34:00
116,,удаление темы,36f2e364-4c94-4d90-87df-e09285de9926,успех,2025-03-31 06:18:00
117,,написание сообщения,bcfa6060-fdf7-417a-b8c8-d086ac19a05c,ошибка,2025-03-31 11:18:00
118,1fd0ff14-1b8b-48f6-a40b-b9257057322b,написание сообщения,bf7d4c6c-eed3-4ffb-a63c-7a37cbdb197e,успех,2025-03-31 00:15:00
119,43a0434a-6c4a-4fc9-a8b8-ca5be09e01cc,написание сообщения,5ccccdf0-a333-4feb-9365-9f088c5f14bb,успех,2025-03-31 08:47:00
120,50731cf2-5745-4fbc-a480-fe7113f1520c,первый заход на сайт,d3ab98a4-0d2d-40ba-939b-e6d7a6f8cf96,успех,2025-04-01 05:38:00
121,e6644ba3-af8e-446b-9e24-162f6b05d824,регистрация,2201583f-c76b-4fa7-85fb-8e59aeab650d,успех,2025-04-01 13:38:00
122,0258aa08-c8a6-4102-80bc-25fea87a6101,логин,dc276a94-b3e4-4d61-971e-f2277684d8bc,успех,2025-04-01 01:47:00
123,50731cf2-5745-4fbc-a480-fe7113f1520c,логаут,60fcbe7d-fe28-4b6f-aab7-c45f3ded4dfe,успех,2025-04-01 10:25:00
124,09ffa5c3-e673-432e-99d3-1c8695ecedf1,создание темы,74e29c76-1733-4ba8-b5a4-cd151b2ade7d,успех,2025-04-01 08:29:00
125,5fb8a0e4-0a58-48e7-818c-f83ae1c267d3,создание темы,18d4df76-996b-42f9-9cfa-4b1af0d03f68,успех,2025-04-01 16:01:00
126,d2ec4243-2256-4597-80cf-125c4319d66f,создание темы,78c7a475-a012-444e-a19d-feabec9ab284,успех,2025-04-01 20:54:00
127,ef11ca3d-3647-441f-bfab-4c56acb061bd,создание темы,5c18f910-5ad1-4672-9cba-2d6f22c14cea,успех,2025-04-01 18:59:00
128,5fb8a0e4-0a58-48e7-818c-f83ae1c267d3,создание темы,692fde8d-9742-4aae-a239-6f107a057972,успех,2025-04-01 01:10:00
129,,заход на тему,3067e518-40bb-4cc1-8d07-d402c5d00284,успех,2025-04-01 23:50:00
130,,заход на тему,f2217c95-03a0-4b47-9298-3f8aa073ab1e,успех,2025-04-01 10:44:00
131,,заход на тему,ef9aa648-7286-420c-aaa5-5b43c45e5c79,успех,2025-04-01 11:42:00
132,,заход на тему,33206249-0dcd-4001-98e2-982f56ea7560,успех,2025-04-01 16:10:00
133,,заход на тему,065efe5d-403b-41e2-870b-dcb9c9418ec0,успех,2025-04-01 10:41:00
134,,удаление темы,dcdef15e-62c2-48eb-b413-3aaa368c9e19,успех,2025-04-01 22:48:00
135,,написание сообщения,8951066b-e749-4d92-b22c-488c0120f481,ошибка,2025-04-01 09:53:00
136,e6644ba3-af8e-446b-9e24-162f6b05d824,написание сообщения,8a846b7d-36e0-4ab4-ae12-be35984cedde,успех,2025-04-01 17:37:00
137,896d89e7-8a09-4c65-8d39-993edc87361e,написание сообщения,551cda7c-dc1a-4316-ab09-3edc7aa934c2,успех,2025-04-01 21:06:00
138,,написание сообщения,c9e2f073-ffe5-4e8d-b587-5f9627ca2fc6,ошибка,2025-04-01 04:52:00
139,,написание сообщения,93de7432-0d83-4be1-a620-8394e1aa59a4,ошибка,2025-04-01 21:09:00
140,,написание сообщения,822799c3-9b36-41d4-9bb0-bb8a77ab0b67,ошибка,2025-04-01 06:37:00
141,,написание сообщения,7ed2de34-f145-4339-9b33-1e47cedd0edf,ошибка,2025-04-01 23:40:00
142,ef11ca3d-3647-441f-bfab-4c56acb061bd,первый заход на сайт,17f3349a-32be-4151-b25d-352943bc5d8a,успех,2025-04-02 04:40:00
143,fcb0a6e6-c97f-4d59-8f19-35e2668951c6,регистрация,7ac4415b-ebcc-487b-aba3-1eff2858bae0,успех,2025-04-02 13:34:00
144,0258aa08-c8a6-4102-80bc-25fea87a6101,логин,92b36c77-2a07-414c-be83-95ec5b0cd4b1,успех,2025-04-02 22:15:00
145,66e19318-5480-405e-b259-077b6439681d,логин,8030cd2f-2d20-486c-826c-e342a1a58246,успех,2025-04-02 00:26:00
146,09ffa5c3-e673-432e-99d3-1c8695ecedf1,логаут,9c12e35c-93eb-46f3-8b3f-db5e92fe0305,успех,2025-04-02 05:08:00
147,5fb8a0e4-0a58-48e7-818c-f83ae1c267d3,логаут,4fcb75ee-43f1-483d-a86c-f37177f6d316,успех,2025-04-02 07:13:00
148,0258aa08-c8a6-4102-80bc-25fea87a6101,логаут,4e9ccf83-0411-4711-829d-f6de816c72db,успех,2025-04-02 01:06:00
149,8621f3ca-b880-4ff6-90be-4f452da51eca,логаут,c71a2b58-8d4d-4e0e-b977-f48fbfe30fcb,успех,2025-04-02 10:10:00
150,09ffa5c3-e673-432e-99d3-1c8695ecedf1,создание темы,d9bcdd03-ae9c-440e-90db-ffebc6cee0c6,успех,2025-04-02 01:59:00
151,0258aa08-c8a6-4102-80bc-25fea87a6101,создание темы,3d02bd5c-0914-45ea-abbf-b22ab2f310a2,успех,2025-04-02 08:39:00
152,fda5e13d-0f99-472f-99af-8a901bfc45ac,создание темы,a9642bc4-99f0-48db-b7fc-9d37b25ae804,успех,2025-04-02 05:17:00
153,09ffa5c3-e673-432e-99d3-1c8695ecedf1,создание темы,5cec19a1-4c08-4ae9-9f23-965255818cfa,успех,2025-04-02 02:17:00
154,dcd0de93-5441-41f0-b7c2-601414e4d197,создание темы,58623ffc-387c-4539-9059-2efab66c7be6,успех,2025-04-02 04:56:00
155,,заход на тему,2a2f48f0-fd1e-4882-aefb-cc90a9cf86fc,успех,2025-04-02 06:18:00
156,,заход на тему,a33d2d36-d2ac-4084-a6ab-5d93730b9b82,успех,2025-04-02 18:50:00
157,,заход на тему,b52d88cd-26a1-444e-9e6b-3d03c73ef275,успех,2025-04-02 01:56:00
158,,заход на тему,0c8d876e-9687-4a48-86af-21d891136ed1,успех,2025-04-02 00:18:00
159,,заход на тему,35df075e-c2cf-44f5-afd8-144add7eecf2,успех,2025-04-02 00:01:00
160,,удаление темы,6a8c55b5-576f-46cc-b45c-f4033963ca60,успех,2025-04-02 05:42:00
161,,удаление темы,aafac341-31fb-49ea-a5ca-b4823546b937,успех,2025-04-02 15:03:00
162,,написание сообщения,306e43d0-1f9f-48d5-900b-094270f843c4,ошибка,2025-04-02 08:12:00
163,,написание сообщения,a034957d-aec3-48f0-adc3-93c3579b6cdf,ошибка,2025-04-02 04:08:00
164,e178b7c2-0e5a-4b0e-a7ad-afc1badc91f8,написание сообщения,1de40b1b-6f49-4bb9-8452-f99d2a499e04,успех,2025-04-02 23:20:00
165,ef11ca3d-3647-441f-bfab-4c56acb061bd,написание сообщения,51c95a23-c32f-4e4b-a56b-d17427fa9008,успех,2025-04-02 10:27:00
166,,написание сообщения,af8320a7-a367-44c3-bd95-d002b485d0f6,ошибка,2025-04-02 01:52:00
167,ef11ca3d-3647-441f-bfab-4c56acb061bd,первый заход на сайт,5453f7f8-68a0-4644-8366-4094fe81c597,успех,2025-04-03 02:23:00
168,fcb0a6e6-c97f-4d59-8f19-35e2668951c6,регистрация,2fb97d51-7354-4c34-8707-ce95a172fcd8,успех,2025-04-03 17:25:00
169,e2cfd331-bcc4-4ba5-b0fb-40e4a7e3b317,логин,d47a0a97-f006-4e4f-9280-d71c4cb1cfa0,успех,2025-04-03 11:30:00
170,d2ec4243-2256-4597-80cf-125c4319d66f,логаут,6b31d65d-dc3b-4e1f-a723-7616ad50e5fb,успех,2025-04-03 23:39:00
171,dcd0de93-5441-41f0-b7c2-601414e4d197,логаут,0483e930-6454-4497-a7b1-426306858984,успех,2025-04-03 15:41:00
172,896d89e7-8a09-4c65-8d39-993edc87361e,логаут,1c33f7f5-1405-4fd8-92e2-1b82065bfa80,успех,2025-04-03 01:52:00
173,e2cfd331-bcc4-4ba5-b0fb-40e4a7e3b317,создание темы,906fa6b2-4e56-4162-b50d-60a5bb51ee57,успех,2025-04-03 10:25:00
174,b7efcb0a-3847-4745-a9a5-a669bd21fd2a,создание темы,471ac16b-ab44-4263-a3f7-d80f06f5fe62,успех,2025-04-03 09:50:00
175,5fb8a0e4-0a58-48e7-818c-f83ae1c267d3,создание темы,63bce4b2-e59a-4b03-93bb-04baf8299dff,успех,2025-04-03 11:40:00
176,43a0434a-6c4a-4fc9-a8b8-ca5be09e01cc,создание темы,9f2dbfd6-744e-4f5b-876e-23657f534a51,успех,2025-04-03 05:55:00
177,8980e78d-0ac1-40c3-b73a-c7885ca5754c,создание темы,f3277616-7ba2-42c3-8cae-d0f38dd916d5,успех,2025-04-03 03:28:00
178,,заход на тему,39465337-d4d7-4cc1-b34f-3bb050b78a39,успех,2025-04-03 03:56:00
179,,заход на тему,4d77d390-3db1-4adb-8b06-4b1bc2c0456c,успех,2025-04-03 11:08:00
180,,заход на тему,eb0d2bff-3da0-480b-9caa-235a2cff2516,успех,2025-04-03 11:33:00
181,,заход на тему,1ec45e5f-41ff-472a-a808-cfb1429d9dd3,успех,2025-04-03 18:57:00
182,,заход на тему,57e9213d-a79f-4ada-8fd1-a14c0704d486,успех,2025-04-03 00:44:00
183,,заход на тему,92b73c0b-998c-4405-bfe2-9ffbed729872,успех,2025-04-03 10:21:00
184,,заход на тему,58ccdf4a-e986-44c4-b33c-15538f601d79,успех,2025-04-03 13:12:00
185,,заход на тему,218002cd-1c2a-47ba-bbff-d93d3d1fbe6b,успех,2025-04-03 05:19:00
186,,заход на тему,51247ab1-6f7a-4c93-aaec-6db2c0360889,успех,2025-04-03 20:11:00
187,,заход на тему,40cb65a0-180e-4150-afcb-4a9468e5d628,успех,2025-04-03 00:01:00
188,,удаление темы,7ff3160d-888f-4a0d-9690-6964cacf78b5,успех,2025-04-03 00:04:00
189,,удаление темы,f0c1c507-a68f-4de4-ad66-e39237fcdb15,успех,2025-04-03 09:16:00
190,d2ec4243-2256-4597-80cf-125c4319d66f,написание сообщения,04414fb0-4701-4e7e-9c1c-0ab830a2b055,успех,2025-04-03 08:21:00
191,8621f3ca-b880-4ff6-90be-4f452da51eca,написание сообщения,aa68dd39-5b85-42da-bc69-fabd000bfc8a,успех,2025-04-03 05:15:00
192,,написание сообщения,0d072d57-ad92-4d16-98e3-711d4822c7d4,ошибка,2025-04-03 12:39:00
193,ef11ca3d-3647-441f-bfab-4c56acb061bd,первый заход на сайт,d5307412-b934-4483-943f-55d689a0dd98,успех,2025-04-04 05:32:00
194,1fd0ff14-1b8b-48f6-a40b-b9257057322b,регистрация,0d446ec9-11f7-42c2-976c-b8ffd6a179b5,успех,2025-04-04 01:36:00
195,66e19318-5480-405e-b259-077b6439681d,логин,9d066471-a2ce-4abb-bfa3-239075a03562,успех,2025-04-04 03:09:00
196,09ffa5c3-e673-432e-99d3-1c8695ecedf1,логин,146f3ff7-45c3-40b5-99d3-4f0492b5aa8d,успех,2025-04-04 01:40:00
197,e6644ba3-af8e-446b-9e24-162f6b05d824,логин,7ab2f2a9-e252-47ae-b65f-4a07180eee22,успех,2025-04-04 14:49:00
198,e6644ba3-af8e-446b-9e24-162f6b05d824,логин,838cf1f8-ab31-467d-98fb-83346a1ad51e,успех,2025-04-04 00:07:00
199,b7efcb0a-3847-4745-a9a5-a669bd21fd2a,логин,2f419a02-6113-464a-93a2-f4ef9c2d4638,успех,2025-04-04 02:28:00
200,fda5e13d-0f99-472f-99af-8a901bfc45ac,логаут,211496cf-5569-4fbd-a3a2-31cf03b7ddc8,успех,2025-04-04 02:08:00
201,fcb0a6e6-c97f-4d59-8f19-35e2668951c6,логаут,5cb5758c-eb4d-4ab2-bee8-cd4d61b8682b,успех,2025-04-04 08:11:00
202,fda5e13d-0f99-472f-99af-8a901bfc45ac,логаут,8fbfdbde-2f16-453f-ac08-69a709419029,успех,2025-04-04 23:26:00
203,1fd0ff14-1b8b-48f6-a40b-b9257057322b,логаут,5634d04b-082e-4eac-97ff-9263c4491e2f,успех,2025-04-04 00:40:00
204,1fd0ff14-1b8b-48f6-a40b-b9257057322b,создание темы,9b03ef52-d921-4f99-bdfc-6d57ab167fc4,успех,2025-04-04 16:03:00
205,0258aa08-c8a6-4102-80bc-25fea87a6101,создание темы,43a97eb8-f583-4c74-b685-8bb9c39598ac,успех,2025-04-04 09:59:00
206,e2cfd331-bcc4-4ba5-b0fb-40e4a7e3b317,создание темы,ebc8a956-278b-4653-9019-e4a2cb7e3d46,успех,2025-04-04 23:22:00
207,09ffa5c3-e673-432e-99d3-1c8695ecedf1,создание темы,718a09d7-fa67-4692-987e-304a9c421ae6,успех,2025-04-04 07:07:00
208,fcb0a6e6-c97f-4d59-8f19-35e2668951c6,создание темы,2fb166ef-0b7c-48c3-899b-af08cb41669f,успех,2025-04-04 02:22:00
209,,заход на тему,bfd35b0a-12f2-4a13-b8e5-502723d8483f,успех,2025-04-04 18:24:00
210,,заход на тему,11525050-0637-45b7-b2a1-cbb99d457f99,успех,2025-04-04 12:47:00
211,,заход на тему,aee64855-12d2-44c6-9bc7-31c60deea431,успех,2025-04-04 07:07:00
212,,заход на тему,52311d77-2dee-4ebd-bb86-f776d141fe5c,успех,2025-04-04 23:40:00
213,,заход на тему,ca24a5e4-221a-4f43-8ad2-092dd4f961a5,успех,2025-04-04 04:55:00
214,,заход на тему,2c1e02f2-9986-4b0c-ba9f-fcb33a6b5844,успех,2025-04-04 06:02:00
215,,удаление темы,1175eef2-72ae-4811-89b1-eaa3d5d212b8,успех,2025-04-04 13:28:00
216,,удаление темы,0846176e-75c6-468a-8ead-8b7f1e8f7251,успех,2025-04-04 21:04:00
217,,удаление темы,faaa31aa-2f8b-48f5-a6ec-5b5f623354b1,успех,2025-04-04 12:47:00
218,896d89e7-8a09-4c65-8d39-993edc87361e,написание сообщения,45b1f004-0f51-4e5c-8714-81748a1d9428,успех,2025-04-04 23:16:00
219,50731cf2-5745-4fbc-a480-fe7113f1520c,написание сообщения,2aaf10f2-7742-491f-83a2-d3da620d6fc3,успех,2025-04-04 09:44:00
220,0258aa08-c8a6-4102-80bc-25fea87a6101,написание сообщения,6e1d3162-1adf-4671-81b0-de75f1debab0,успех,2025-04-04 14:38:00
221,896d89e7-8a09-4c65-8d39-993edc87361e,написание сообщения,68b53910-5c1e-476e-95f6-2a10c345a17b,успех,2025-04-04 18:35:00
222,66e19318-5480-405e-b259-077b6439681d,написание сообщения,c3e2bd59-d95b-4460-a62d-5a2aa202a0ef,успех,2025-04-04 23:30:00
223,dcd0de93-5441-41f0-b7c2-601414e4d197,написание сообщения,51625850-2d6b-46c2-9f54-5c1ee2f4c592,успех,2025-04-04 06:02:00
224,fcb0a6e6-c97f-4d59-8f19-35e2668951c6,первый заход на сайт,4e28d041-31be-46db-ac22-8de115411137,успех,2025-04-05 23:56:00
225,0258aa08-c8a6-4102-80bc-25fea87a6101,регистрация,b2cd5a90-24ba-4f0f-897f-b12bd4714432,успех,2025-04-05 15:46:00
226,896d89e7-8a09-4c65-8d39-993edc87361e,логин,b9594d6b-309d-4b95-bde6-46a9e2d6cf9f,успех,2025-04-05 20:59:00
227,fda5e13d-0f99-472f-99af-8a901bfc45ac,логин,4b83e073-9d6b-4a96-b82f-53a16597a424,успех,2025-04-05 21:52:00
228,09ffa5c3-e673-432e-99d3-1c8695ecedf1,логин,9f1e5d94-6db2-4d09-a993-3265247979f6,успех,2025-04-05 19:21:00
229,e2cfd331-bcc4-4ba5-b0fb-40e4a7e3b317,логин,3bb91b9a-6a38-4c58-8e5a-92b26248c525,успех,2025-04-05 06:39:00
230,43a0434a-6c4a-4fc9-a8b8-ca5be09e01cc,логин,7a0c2be5-17d7-4031-9e35-2b012ca311fd,успех,2025-04-05 08:32:00
231,fcb0a6e6-c97f-4d59-8f19-35e2668951c6,логаут,2d796ac7-24f2-46ea-8104-88381f5a4e0d,успех,2025-04-05 19:28:00
232,43a0434a-6c4a-4fc9-a8b8-ca5be09e01cc,логаут,7bf4444d-a08b-499e-93cc-75cfc7b336cc,успех,2025-04-05 12:16:00
233,b7efcb0a-3847-4745-a9a5-a669bd21fd2a,логаут,346ab117-1d86-43fd-9934-5e40408934bf,успех,2025-04-05 17:33:00
234,fda5e13d-0f99-472f-99af-8a901bfc45ac,создание темы,57e484c9-49c4-45d0-87bd-eceb586ab21e,успех,2025-04-05 19:36:00
235,28bb5788-c19a-45c1-9d48-ed101e54ddac,создание темы,c3fe9e63-e600-4e0b-a3ba-dcd333b68757,успех,2025-04-05 06:39:00
236,8980e78d-0ac1-40c3-b73a-c7885ca5754c,создание темы,338bdaa6-5b2e-4a75-aa9a-06cca979d61a,успех,2025-04-05 20:41:00
237,e6644ba3-af8e-446b-9e24-162f6b05d824,создание темы,cd69804a-0a75-442b-99df-c7e3e3ab8752,успех,2025-04-05 05:18:00
238,,заход на тему,3eabb73e-319e-485a-93fa-937f691d00e8,успех,2025-04-05 03:15:00
239,,заход на тему,c9027787-0485-487b-8e11-51b719153443,успех,2025-04-05 13:34:00
240,,заход на тему,b005a544-1db5-4f91-9a0d-949d388afd3d,успех,2025-04-05 11:15:00
241,,заход на тему,9e1b414c-4d0b-40e5-983a-617c12640d2f,успех,2025-04-05 22:39:00
242,,заход на тему,2ab700a9-c0ab-4fcc-b5fb-b6e0df62f871,успех,2025-04-05 11:06:00
243,,заход на тему,cc7612de-618d-4bc3-9ed1-4705665cfe1e,успех,2025-04-05 04:08:00
244,,заход на тему,9608e2b7-2dbd-4a13-8f83-b44ffbb91c1f,успех,2025-04-05 01:01:00
245,,заход на тему,d331575f-ec5d-466e-9bbe-1d31adca30b0,успех,2025-04-05 18:47:00
246,,удаление темы,c972687c-fa9b-4eee-afe5-06c863568109,успех,2025-04-05 06:15:00
247,,удаление темы,6e041045-af64-44d5-9504-225eec9d620f,успех,2025-04-05 10:24:00
248,,удаление темы,4aadd2e2-6da5-47de-bd02-43bfca239628,успех,2025-04-05 05:00:00
249,e2cfd331-bcc4-4ba5-b0fb-40e4a7e3b317,написание сообщения,76e85858-0af3-4c5b-b408-94a3da5b49c3,успех,2025-04-05 14:09:00
250,896d89e7-8a09-4c65-8d39-993edc87361e,написание сообщения,58933eaa-54e1-4ceb-baa2-21f3cd15efa1,успех,2025-04-05 11:45:00
251,66e19318-5480-405e-b259-077b6439681d,написание сообщения,ea4746f8-287f-4003-ba44-895e63552fa5,успех,2025-04-05 12:19:00
252,1fd0ff14-1b8b-48f6-a40b-b9257057322b,написание сообщения,dad0029f-c5c1-438b-8fec-e63565a69e59,успех,2025-04-05 19:55:00
253,28bb5788-c19a-45c1-9d48-ed101e54ddac,написание сообщения,df7121c8-a002-4f5a-91f0-f920ade67120,успех,2025-04-05 11:21:00
254,fda5e13d-0f99-472f-99af-8a901bfc45ac,первый заход на сайт,6b3af448-c16c-42d2-9134-a7d780f4d3bf,успех,2025-04-06 20:23:00
255,896d89e7-8a09-4c65-8d39-993edc87361e,регистрация,2480a7ce-5137-41df-ac32-e6b3b129cf7d,успех,2025-04-06 09:49:00
256,e178b7c2-0e5a-4b0e-a7ad-afc1badc91f8,логин,aa6fad23-03b6-4200-8657-b644bff7c8b1,успех,2025-04-06 05:48:00
257,50731cf2-5745-4fbc-a480-fe7113f1520c,логин,e718a4d8-a438-49d3-82d2-55bb9be2b1db,успех,2025-04-06 07:14:00
258,8980e78d-0ac1-40c3-b73a-c7885ca5754c,логин,1fb55f7c-2948-4bf8-b247-e76bdac3adad,успех,2025-04-06 19:08:00
259,896d89e7-8a09-4c65-8d39-993edc87361e,логин,6c4c4f1b-bb56-4d35-9388-ffe816b50bcb,успех,2025-04-06 21:47:00
260,e6644ba3-af8e-446b-9e24-162f6b05d824,логаут,3a25458a-e266-4b90-9c7d-606be61150d0,успех,2025-04-06 15:14:00
261,0258aa08-c8a6-4102-80bc-25fea87a6101,логаут,009a3388-8d57-4323-9fd2-d1e584f03a47,успех,2025-04-06 14:46:00
262,5fb8a0e4-0a58-48e7-818c-f83ae1c267d3,логаут,fcb2f336-e47c-4ee5-9d86-740d73876d80,успех,2025-04-06 07:08:00
263,e2cfd331-bcc4-4ba5-b0fb-40e4a7e3b317,логаут,8319d5be-1d5e-4c2a-b495-94e7a2154212,успех,2025-04-06 05:56:00
264,28bb5788-c19a-45c1-9d48-ed101e54ddac,логаут,008da7ea-38ea-422b-87fd-af8bcaa8acae,успех,2025-04-06 15:25:00
265,896d89e7-8a09-4c65-8d39-993edc87361e,создание темы,42be92a1-d959-42d8-8e04-a48a1701319a,успех,2025-04-06 21:29:00
266,66e19318-5480-405e-b259-077b6439681d,создание темы,60d5fe83-5846-4f6a-8e4d-7719d346026c,успех,2025-04-06 08:41:00
267,09ffa5c3-e673-432e-99d3-1c8695ecedf1,создание темы,6789dabb-0c5a-4063-8457-da4595c6939b,успех,2025-04-06 17:27:00
268,8621f3ca-b880-4ff6-90be-4f452da51eca,создание темы,95d55cfc-cfc8-4d4f-94a6-177d6ed24bf6,успех,2025-04-06 05:00:00
269,b7efcb0a-3847-4745-a9a5-a669bd21fd2a,создание темы,ced28980-fe97-40ed-b634-bb46aae15b06,успех,2025-04-06 10:27:00
270,,заход на тему,a2a19f05-65f9-4051-b75d-b0d537115b0e,успех,2025-04-06 05:50:00
271,,заход на тему,fb14a428-ab32-42c2-8178-6cfecb2076b6,успех,2025-04-06 12:14:00
272,,заход на тему,9a7a1708-6615-450f-a264-4370c5ff5842,успех,2025-04-06 03:41:00
273,,заход на тему,d7fb594e-beec-48eb-ad51-2325df513013,успех,2025-04-06 12:42:00
274,,заход на тему,66835dd9-e4ff-4e6f-8d33-73bc2749dba3,успех,2025-04-06 17:56:00
275,,заход на тему,c6d6e8a8-778d-412a-8c86-b9b348a02331,успех,2025-04-06 12:40:00
276,,удаление темы,1deffa66-ff06-4776-9ac8-afc58854f136,успех,2025-04-06 06:23:00
277,,удаление темы,b0bd6f02-3868-4160-8b7a-a52f0429a409,успех,2025-04-06 01:51:00
278,,написание сообщения,9152d970-5986-4b9b-adf0-87d9cb66eb0d,ошибка,2025-04-06 09:57:00
279,8980e78d-0ac1-40c3-b73a-c7885ca5754c,написание сообщения,d4217cf5-9a6b-4dd3-ae56-229199b8b636,успех,2025-04-06 02:53:00
280,,написание сообщения,6cb38eac-e86d-427d-9fee-711873bb021b,ошибка,2025-04-06 06:56:00
281,896d89e7-8a09-4c65-8d39-993edc87361e,первый заход на сайт,57ee4884-96b7-4f4e-9144-693dcdc4828a,успех,2025-04-07 08:08:00
282,896d89e7-8a09-4c65-8d39-993edc87361e,регистрация,427d8451-dc05-4d00-90f6-99f0a72f8590,успех,2025-04-07 21:44:00
283,896d89e7-8a09-4c65-8d39-993edc87361e,логин,3de95d02-70bd-48d0-9f8c-d9b2342951ba,успех,2025-04-07 03:10:00
284,d2ec4243-2256-4597-80cf-125c4319d66f,логин,24a51c39-0e4a-47ab-b235-1b7ebac1501c,успех,2025-04-07 23:31:00
285,fcb0a6e6-c97f-4d59-8f19-35e2668951c6,логин,7c0696fe-d518-4e9c-b783-317b406f5e32,успех,2025-04-07 09:32:00
286,5fb8a0e4-0a58-48e7-818c-f83ae1c267d3,логин,eb574f37-ef3b-4ebd-a934-cdc5db8a3619,успех,2025-04-07 21:12:00
287,ef11ca3d-3647-441f-bfab-4c56acb061bd,логин,21cb4544-3f1a-4df7-9590-13ffd9903fd4,успех,2025-04-07 01:30:00
288,28bb5788-c19a-45c1-9d48-ed101e54ddac,логаут,d0921c05-874c-4203-bfd7-18536e152c7e,успех,2025-04-07 20:00:00
289,50731cf2-5745-4fbc-a480-fe7113f1520c,логаут,1504d1c8-738e-4c7f-95a8-d06920afdb6a,успех,2025-04-07 14:31:00
290,0258aa08-c8a6-4102-80bc-25fea87a6101,логаут,9be2e8d8-56a5-42d0-a923-a239845b6e05,успех,2025-04-07 01:12:00
291,5fb8a0e4-0a58-48e7-818c-f83ae1c267d3,создание темы,808b9f3e-4a19-4c69-94df-5dfff37d3751,успех,2025-04-07 11:11:00
292,8621f3ca-b880-4ff6-90be-4f452da51eca,создание темы,aeb08f95-ed9b-4414-a6fe-89fb8a3ff02a,успех,2025-04-07 03:09:00
293,50731cf2-5745-4fbc-a480-fe7113f1520c,создание темы,105470fe-ae63-4681-bdaf-45dd9e5bbc73,успех,2025-04-07 22:45:00
294,28bb5788-c19a-45c1-9d48-ed101e54ddac,создание темы,84b6afac-6878-48cb-a425-ff4c04e17417,успех,2025-04-07 17:56:00
295,8980e78d-0ac1-40c3-b73a-c7885ca5754c,создание темы,7769a5da-146a-41e5-887a-676a125a2e50,успех,2025-04-07 11:27:00
296,,заход на тему,2ce63e92-5164-48f2-892d-4994723d94c6,успех,2025-04-07 09:45:00
297,,заход на тему,cbb164a8-bbe4-477c-9c1d-484f9de9e4a8,успех,2025-04-07 03:28:00
298,,заход на тему,4b1bb894-9fbc-455f-aba3-c230b0fc675b,успех,2025-04-07 08:34:00
299,,заход на тему,90a6be19-9420-4d30-bb7d-b07d5a60f784,успех,2025-04-07 14:07:00
300,,заход на тему,6410c722-7546-4976-b19a-862975a444b7,успех,2025-04-07 07:00:00
301,,заход на тему,4a49760d-697a-433a-8714-402bc03e4745,успех,2025-04-07 14:18:00
302,,заход на тему,c377d6b4-8284-451e-b210-f0b96c204517,успех,2025-04-07 10:53:00
303,,заход на тему,bd0b7f2a-5d95-4e02-8659-b5fe76a12cac,успех,2025-04-07 19:13:00
304,,заход на тему,cd062b38-61ee-41e4-9fee-b3f43af90b94,успех,2025-04-07 21:38:00
305,,заход на тему,14996f89-ffdf-4771-a2a3-0ab843e040a7,успех,2025-04-07 19:49:00
306,,удаление темы,8ca36443-119a-487b-9a08-12b824f22033,успех,2025-04-07 01:29:00
307,,удаление темы,eabc4b16-0bb7-466d-bc32-a4c86f6124e8,успех,2025-04-07 21:00:00
308,,удаление темы,7b3831b3-a64f-453d-a1e4-c4f6a1a2c7c3,успех,2025-04-07 07:15:00
309,,написание сообщения,7ad55292-8f4f-417c-bf20-0c4f2936be87,ошибка,2025-04-07 08:44:00
310,,написание сообщения,5bd032f1-2a6c-4434-944f-be5a01709c3f,ошибка,2025-04-07 21:27:00
311,,написание сообщения,26047916-9e7e-41ad-806a-60315927ea8d,ошибка,2025-04-07 23:57:00
312,50731cf2-5745-4fbc-a480-fe7113f1520c,первый заход на сайт,00333f54-4f32-439e-8087-832dd474bbb7,успех,2025-04-08 16:06:00
313,0258aa08-c8a6-4102-80bc-25fea87a6101,регистрация,2e4be9f2-3537-4cff-bf85-a27f29c42cac,успех,2025-04-08 21:40:00
314,b7efcb0a-3847-4745-a9a5-a669bd21fd2a,логин,c7e78e72-55f8-4e4f-b656-77b55ace020c,успех,2025-04-08 04:33:00
315,fcb0a6e6-c97f-4d59-8f19-35e2668951c6,логин,b52f1878-2e5f-4b1b-a379-979e9d0b532f,успех,2025-04-08 11:18:00
316,8980e78d-0ac1-40c3-b73a-c7885ca5754c,логин,93c4db5f-53c2-47ba-af34-04662f99e966,успех,2025-04-08 01:43:00
317,e178b7c2-0e5a-4b0e-a7ad-afc1badc91f8,логин,be7db2d0-9d8f-455f-962e-91489d99a7a3,успех,2025-04-08 23:55:00
318,09ffa5c3-e673-432e-99d3-1c8695ecedf1,логаут,20cca98e-235f-4c5c-92c1-8a96a4cae4ca,успех,2025-04-08 11:57:00
319,dcd0de93-5441-41f0-b7c2-601414e4d197,логаут,316c8907-b019-47ed-b122-9f5bcca190dd,успех,2025-04-08 07:08:00
320,ef11ca3d-3647-441f-bfab-4c56acb061bd,логаут,ca1548b3-17a1-4e21-ad92-c0ec462edc4d,успех,2025-04-08 05:51:00
321,50731cf2-5745-4fbc-a480-fe7113f1520c,создание темы,d38b7eda-5ff8-4616-9bff-2dae5bb35d0f,успех,2025-04-08 07:18:00
322,28bb5788-c19a-45c1-9d48-ed101e54ddac,создание темы,b369cabc-bcac-4946-9b0c-d0c04aa53bd1,успех,2025-04-08 08:54:00
323,fda5e13d-0f99-472f-99af-8a901bfc45ac,создание темы,17fef857-597d-489f-8eb2-f8a883774531,успех,2025-04-08 15:18:00
324,28bb5788-c19a-45c1-9d48-ed101e54ddac,создание темы,0a899da6-f920-4b8e-907f-aa1329fc8ecc,успех,2025-04-08 14:08:00
325,28bb5788-c19a-45c1-9d48-ed101e54ddac,создание темы,ee1224ad-934a-42df-b522-4b528474f2de,успех,2025-04-08 10:34:00
326,,заход на тему,7260a700-02c3-4dc5-bb34-994da3426c74,успех,2025-04-08 20:49:00
327,,заход на тему,23f2f489-85c9-439e-9d2e-1d6cd461b154,успех,2025-04-08 03:37:00
328,,заход на тему,f2986053-3291-4275-8e89-f7c9becf000e,успех,2025-04-08 19:24:00
329,,заход на тему,297ca7b7-ec52-46df-a674-dce5f2899038,успех,2025-04-08 02:50:00
330,,заход на тему,a958749d-77ef-405d-95a7-bfa9636ef453,успех,2025-04-08 05:31:00
331,,заход на тему,fb2f3119-807a-4f09-ae3c-c9e4c06bc5c0,успех,2025-04-08 20:25:00
332,,заход на тему,9a4ff2e8-8a77-42ce-b185-24c523cca6be,успех,2025-04-08 22:37:00
333,,удаление темы,1242bed0-111c-4cbc-8a05-3ce322847173,успех,2025-04-08 04:00:00
334,,удаление темы,1f2391f2-04c5-452f-860b-da4b69056ec1,успех,2025-04-08 11:13:00
335,,удаление темы,28c2f075-55e7-4c32-ab23-f829cf95cf2d,успех,2025-04-08 15:21:00
336,,написание сообщения,42454097-85a2-4d0b-886c-a76a668f3e9f,ошибка,2025-04-08 02:40:00
337,50731cf2-5745-4fbc-a480-fe7113f1520c,написание сообщения,cfb84c3f-e025-4db7-a73f-1f436dbe7395,успех,2025-04-08 14:48:00
338,,написание сообщения,10e8653f-46ec-422e-8962-212c3db8a75e,ошибка,2025-04-08 05:44:00
339,e2cfd331-bcc4-4ba5-b0fb-40e4a7e3b317,написание сообщения,3abb450e-9fd5-46e8-9382-be52b7fff0f3,успех,2025-04-08 03:42:00
340,8980e78d-0ac1-40c3-b73a-c7885ca5754c,написание сообщения,cae7dd83-8436-4ec0-a26a-4f3e132dab54,успех,2025-04-08 00:42:00
341,,написание сообщения,3acf7dd8-1cd1-4b7b-b64c-68bb160ab910,ошибка,2025-04-08 05:26:00
342,1fd0ff14-1b8b-48f6-a40b-b9257057322b,первый заход на сайт,d741222a-d1ba-46ed-9734-74f148fd7d60,успех,2025-04-09 13:57:00
343,8621f3ca-b880-4ff6-90be-4f452da51eca,регистрация,3a2ca3b8-b1de-47dc-bc57-b8468a9ff155,успех,2025-04-09 00:24:00
344,fda5e13d-0f99-472f-99af-8a901bfc45ac,логин,2fa36fe6-779c-4869-8e09-616df5fa1585,успех,2025-04-09 13:12:00
345,ef11ca3d-3647-441f-bfab-4c56acb061bd,логин,fa498ead-fd02-4373-ad4d-ee2934be4e2c,успех,2025-04-09 04:23:00
346,66e19318-5480-405e-b259-077b6439681d,логин,ccd4a262-3e91-4134-ac51-11d7f85e6d42,успех,2025-04-09 16:22:00
347,43a0434a-6c4a-4fc9-a8b8-ca5be09e01cc,логин,807ee136-4e19-4bfe-8bac-b606b7d9e3dd,успех,2025-04-09 08:33:00
348,896d89e7-8a09-4c65-8d39-993edc87361e,логин,69e1cb25-b658-4548-941c-34517827a413,успех,2025-04-09 06:14:00
349,b7efcb0a-3847-4745-a9a5-a669bd21fd2a,логаут,270c1168-3b75-4fcb-a652-9a014c5d077f,успех,2025-04-09 03:34:00
350,50731cf2-5745-4fbc-a480-fe7113f1520c,логаут,88ec96d8-134f-47bd-9eca-f97d803a7d2a,успех,2025-04-09 07:22:00
351,8980e78d-0ac1-40c3-b73a-c7885ca5754c,логаут,a7bd1970-7ba9-4df3-8f30-6d54c1edb94b,успех,2025-04-09 13:07:00
352,43a0434a-6c4a-4fc9-a8b8-ca5be09e01cc,логаут,e698edbf-c472-4823-ac9d-3b33cb05b70d,успех,2025-04-09 03:58:00
353,28bb5788-c19a-45c1-9d48-ed101e54ddac,создание темы,0862c206-4c1c-41ee-9ca3-209ea3a6a4fe,успех,2025-04-09 04:55:00
354,e178b7c2-0e5a-4b0e-a7ad-afc1badc91f8,создание темы,3f314db8-c28c-4fe3-81e5-96ad1d173f41,успех,2025-04-09 07:52:00
355,fda5e13d-0f99-472f-99af-8a901bfc45ac,создание темы,2f186d08-f0e7-4a02-8371-39a2020454d3,успех,2025-04-09 20:27:00
356,28bb5788-c19a-45c1-9d48-ed101e54ddac,создание темы,2be68f0c-137e-412a-a3c7-6c7aed7ff8ae,успех,2025-04-09 01:32:00
357,8980e78d-0ac1-40c3-b73a-c7885ca5754c,создание темы,9fa2a5de-417a-4768-8fc0-a7a7822c0336,успех,2025-04-09 16:38:00
358,,заход на тему,ce8c422b-5530-418b-bd37-a5d43b214f34,успех,2025-04-09 23:44:00
359,,заход на тему,6e3db502-bbb3-4eaf-a0e7-f75cdf72452f,успех,2025-04-09 10:32:00
360,,заход на тему,de01d6ce-9744-45f0-b29c-4821cc20733d,успех,2025-04-09 22:17:00
361,,заход на тему,83f1332f-031b-4e5f-ab9a-0ef32c806023,успех,2025-04-09 03:49:00
362,,заход на тему,77b382d1-076c-4ba6-b73b-e39998310807,успех,2025-04-09 02:14:00
363,,заход на тему,c58895b5-40c3-40c1-99d4-83e445aa0b3a,успех,2025-04-09 21:25:00
364,,заход на тему,d1e13ebe-c026-47f1-912e-28c52283f91a,успех,2025-04-09 19:46:00
365,,заход на тему,c221cd6f-733c-444d-afdd-c1ce30c17a30,успех,2025-04-09 21:00:00
366,,заход на тему,8bf868f1-0a72-40f0-8298-4494aecb6ab4,успех,2025-04-09 08:51:00
367,,удаление темы,b5bc35ad-be02-4373-857e-16006a71578e,успех,2025-04-09 13:13:00
368,,удаление темы,97e3d096-4ded-4e98-a570-d40d65e19d11,успех,2025-04-09 01:30:00
369,,удаление темы,2b1cb2f5-3787-4506-a69e-23572b48d852,успех,2025-04-09 13:43:00
370,,написание сообщения,d596433c-f874-408e-8657-dfd139776fc9,ошибка,2025-04-09 04:02:00
371,,написание сообщения,89374510-540e-461f-96fc-3d1aee42595e,ошибка,2025-04-09 17:01:00
372,8621f3ca-b880-4ff6-90be-4f452da51eca,написание сообщения,4e0f7a5d-4bd1-40b8-bf52-5e659e3871a4,успех,2025-04-09 14:36:00
373,8621f3ca-b880-4ff6-90be-4f452da51eca,написание сообщения,02d652e7-b384-4186-8c7d-a957276b0603,успех,2025-04-09 22:48:00
374,,написание сообщения,e4d41f6d-eb9d-4f1c-8eaa-0a1beaa8ea71,ошибка,2025-04-09 09:25:00
375,,написание сообщения,c1181459-3e0d-4752-ad88-a107a1eca344,ошибка,2025-04-09 01:14:00
376,e2cfd331-bcc4-4ba5-b0fb-40e4a7e3b317,первый заход на сайт,c3dc5d64-ecde-4710-a2bf-d2a7c7d4e1aa,успех,2025-04-10 22:32:00
377,dcd0de93-5441-41f0-b7c2-601414e4d197,регистрация,84411704-acc5-4890-8b89-4416c46d692c,успех,2025-04-10 01:31:00
378,8980e78d-0ac1-40c3-b73a-c7885ca5754c,логин,6c2bf06c-51f0-40d4-8917-a27f09d1e0b5,успех,2025-04-10 07:16:00
379,e6644ba3-af8e-446b-9e24-162f6b05d824,логин,d18ee27c-df42-47b2-b638-5466a3d493d3,успех,2025-04-10 22:32:00
380,d2ec4243-2256-4597-80cf-125c4319d66f,логин,500ab4ef-9fb2-4b61-8f0d-2559832bb0fa,успех,2025-04-10 08:56:00
381,fda5e13d-0f99-472f-99af-8a901bfc45ac,логин,a7701c43-58af-4afe-8562-ba879ffac801,успех,2025-04-10 02:58:00
382,8980e78d-0ac1-40c3-b73a-c7885ca5754c,логаут,b333c688-19bb-4599-9ef7-1ba0c5e8dac1,успех,2025-04-10 21:22:00
383,fda5e13d-0f99-472f-99af-8a901bfc45ac,логаут,957d2167-5b75-40cc-9852-b9ce48c943e7,успех,2025-04-10 07:20:00
384,b7efcb0a-3847-4745-a9a5-a669bd21fd2a,логаут,3eb4030b-3eb3-4a30-9306-6916ce7d95f8,успех,2025-04-10 12:17:00
385,fcb0a6e6-c97f-4d59-8f19-35e2668951c6,логаут,07e0e001-0749-4a9d-ab67-9faa059a21d6,успех,2025-04-10 14:44:00
386,09ffa5c3-e673-432e-99d3-1c8695ecedf1,создание темы,103d98aa-b73b-4315-8a20-aca1fc554d2b,успех,2025-04-10 00:38:00
387,e2cfd331-bcc4-4ba5-b0fb-40e4a7e3b317,создание темы,013a3e04-7c47-401f-b0f6-b6b9be1bc53a,успех,2025-04-10 14:30:00
388,e178b7c2-0e5a-4b0e-a7ad-afc1badc91f8,создание темы,5aa52fea-ae64-405a-8f25-4c49fd585dea,успех,2025-04-10 21:08:00
389,50731cf2-5745-4fbc-a480-fe7113f1520c,создание темы,6a8fe53a-a25e-46e3-a0be-ba7b801c1de5,успех,2025-04-10 02:08:00
390,,заход на тему,05085c9f-740b-4693-b451-2b36277f4d76,успех,2025-04-10 05:10:00
391,,заход на тему,de1a246c-cddc-424a-82ad-67b05ee46667,успех,2025-04-10 22:27:00
392,,заход на тему,ebc4ae11-29b6-4a0a-bf97-dd712a332b91,успех,2025-04-10 07:09:00
393,,заход на тему,70c42515-a442-41d7-8bcd-684b930e2c78,успех,2025-04-10 08:27:00
394,,заход на тему,be731f2f-4b72-4447-84e0-ce915addc6f2,успех,2025-04-10 19:01:00
395,,заход на тему,6ac80eb8-d890-4402-9557-73a4c4b97aca,успех,2025-04-10 07:16:00
396,,удаление темы,80ff33b2-8a8a-4ce0-8610-d1e71ce17105,успех,2025-04-10 14:50:00
397,,удаление темы,8f29b0cc-bc9d-46b1-9a72-31425ca33fb5,успех,2025-04-10 13:19:00
398,,удаление темы,bb54a747-5588-4742-875f-4bebf0f13412,успех,2025-04-10 04:02:00
399,,написание сообщения,616f4691-ea0d-4811-b8eb-d820d0ff1452,ошибка,2025-04-10 11:43:00
400,1fd0ff14-1b8b-48f6-a40b-b9257057322b,написание сообщения,f072bccf-399a-48c6-9d1d-41526c572651,успех,2025-04-10 17:35:00
401,09ffa5c3-e673-432e-99d3-1c8695ecedf1,написание сообщения,561dba23-ec47-4a16-8e33-a1b774212788,успех,2025-04-10 04:20:00
402,1fd0ff14-1b8b-48f6-a40b-b9257057322b,написание сообщения,4795736d-1f6a-42f5-8dc7-d766b436e7e6,успех,2025-04-10 22:51:00
403,,написание сообщения,b6cfcc81-c3e5-454c-8a10-8292581197c1,ошибка,2025-04-10 16:23:00
404,e6644ba3-af8e-446b-9e24-162f6b05d824,первый заход на сайт,881287bd-c19f-4463-802b-7ea0c54d5348,успех,2025-04-11 12:44:00
405,fcb0a6e6-c97f-4d59-8f19-35e2668951c6,регистрация,26d4caaf-6ef5-4091-b6ea-03d78385c06e,успех,2025-04-11 11:12:00
406,8621f3ca-b880-4ff6-90be-4f452da51eca,логин,780b51d7-13be-4983-bc4b-562dbbddd60f,успех,2025-04-11 14:14:00
407,0258aa08-c8a6-4102-80bc-25fea87a6101,логин,969aa30e-82da-4768-86c7-02d1d1363dec,успех,2025-04-11 10:19:00
408,0258aa08-c8a6-4102-80bc-25fea87a6101,логин,eeef7252-9385-46ab-a69a-d24b3287415e,успех,2025-04-11 19:04:00
409,ef11ca3d-3647-441f-bfab-4c56acb061bd,логин,dc9ca271-a7b2-46b6-b99f-e875e65a1a2c,успех,2025-04-11 13:23:00
410,b7efcb0a-3847-4745-a9a5-a669bd21fd2a,логин,0171714a-723c-4a52-8805-b4a55cf2e08e,успех,2025-04-11 14:41:00
411,8621f3ca-b880-4ff6-90be-4f452da51eca,логаут,83d10349-7f22-434b-ad7c-af1f2fbc6b6d,успех,2025-04-11 12:24:00
412,8980e78d-0ac1-40c3-b73a-c7885ca5754c,логаут,547ef5bf-dcbb-4e3c-bb85-20ecf94965cd,успех,2025-04-11 08:24:00
413,1fd0ff14-1b8b-48f6-a40b-b9257057322b,логаут,e16d6661-4092-4b97-8457-e1ce6f6f3c17,успех,2025-04-11 13:16:00
414,8980e78d-0ac1-40c3-b73a-c7885ca5754c,логаут,04a70b2f-ead1-45c3-ae9e-6cc411badc0d,успех,2025-04-11 15:19:00
415,b7efcb0a-3847-4745-a9a5-a669bd21fd2a,создание темы,65fa5f6e-862d-4f4e-bb1b-b3f1d8165cd0,успех,2025-04-11 17:28:00
416,66e19318-5480-405e-b259-077b6439681d,создание темы,0e99e7a7-c765-4a15-a008-41857753f942,успех,2025-04-11 05:42:00
417,ef11ca3d-3647-441f-bfab-4c56acb061bd,создание темы,de5c492d-5f22-4398-ba95-d6765bd92538,успех,2025-04-11 09:11:00
418,5fb8a0e4-0a58-48e7-818c-f83ae1c267d3,создание темы,3dd344bd-51c9-4065-8d61-5abc37c87151,успех,2025-04-11 15:42:00
419,e6644ba3-af8e-446b-9e24-162f6b05d824,создание темы,5f4a96c9-070b-4843-82cb-cf78bd2b557c,успех,2025-04-11 10:15:00
420,,заход на тему,684f6504-73ce-4b80-a78f-be136a0d6d28,успех,2025-04-11 08:06:00
421,,заход на тему,a9589f01-7657-47d4-a9f3-3643e6cbfb30,успех,2025-04-11 16:34:00
422,,заход на тему,e4f81bcd-ef06-48fd-8446-24a7b0935cd8,успех,2025-04-11 00:44:00
423,,заход на тему,e95f9aad-ff8f-4549-b4c2-cba6a00dd599,успех,2025-04-11 19:45:00
424,,заход на тему,4ffc42c9-c064-445f-91c1-6a9da4a81a5f,успех,2025-04-11 18:11:00
425,,заход на тему,813fbc63-2f25-4ebd-afbb-7ce042229e7c,успех,2025-04-11 19:13:00
426,,удаление темы,85ba7f45-834d-4a77-8997-aa9c2352b425,успех,2025-04-11 19:31:00
427,8980e78d-0ac1-40c3-b73a-c7885ca5754c,написание сообщения,59ad7832-0b88-45c4-9f99-d9bba5561c08,успех,2025-04-11 16:37:00
428,8621f3ca-b880-4ff6-90be-4f452da51eca,написание сообщения,e7666899-6ef7-41ab-a866-d7c096fc68ae,успех,2025-04-11 17:36:00
429,fcb0a6e6-c97f-4d59-8f19-35e2668951c6,написание сообщения,fce3e599-44cb-47fd-8b2c-d266647b1d9e,успех,2025-04-11 12:38:00
430,,написание сообщения,19737f02-1284-4dc6-8ae8-6d3c32dfe7ce,ошибка,2025-04-11 18:23:00
431,28bb5788-c19a-45c1-9d48-ed101e54ddac,первый заход на сайт,c4aebb45-9c87-4dfe-b3c6-32679c374775,успех,2025-04-12 04:58:00
432,1fd0ff14-1b8b-48f6-a40b-b9257057322b,регистрация,d527821e-dad7-4c2d-aff6-cffe6d0c6d14,успех,2025-04-12 02:16:00
433,50731cf2-5745-4fbc-a480-fe7113f1520c,логин,a7cebd67-951c-454b-8a84-d5bb73191c3f,успех,2025-04-12 02:27:00
434,43a0434a-6c4a-4fc9-a8b8-ca5be09e01cc,логин,0e29bd67-2153-49d2-bbf8-1f2234721cfa,успех,2025-04-12 15:32:00
435,d2ec4243-2256-4597-80cf-125c4319d66f,логин,7939e21b-5093-43b5-9ac0-5ab566b7dc15,успех,2025-04-12 10:59:00
436,8621f3ca-b880-4ff6-90be-4f452da51eca,логин,7d125e00-2fd8-4260-b31f-11167ea0b8b8,успех,2025-04-12 05:15:00
437,b7efcb0a-3847-4745-a9a5-a669bd21fd2a,логин,099b0f74-aca5-4df2-b094-98504eb45281,успех,2025-04-12 08:18:00
438,896d89e7-8a09-4c65-8d39-993edc87361e,логаут,1ed26e57-0a17-4cfd-bc97-eeb0c89a9e5f,успех,2025-04-12 21:42:00
439,50731cf2-5745-4fbc-a480-fe7113f1520c,логаут,331d1e0d-1a4c-4ca2-afb0-27a4ad1f5432,успех,2025-04-12 09:06:00
440,e178b7c2-0e5a-4b0e-a7ad-afc1badc91f8,логаут,155ff92d-262b-433a-91fc-3432102c64e8,успех,2025-04-12 15:07:00
441,50731cf2-5745-4fbc-a480-fe7113f1520c,логаут,33b330e1-87ef-412b-a641-8561aebe39bc,успех,2025-04-12 21:16:00
442,28bb5788-c19a-45c1-9d48-ed101e54ddac,создание темы,e5ab238c-c7a3-4260-b48f-9d5c4b625926,успех,2025-04-12 00:53:00
443,e2cfd331-bcc4-4ba5-b0fb-40e4a7e3b317,создание темы,ff7d125e-a307-4f7f-92b5-1a675d8c96c7,успех,2025-04-12 00:17:00
444,,заход на тему,ee301599-e2e1-4aa2-92fd-7e5902e4586e,успех,2025-04-12 10:19:00
445,,заход на тему,59683db8-9237-47ca-b9a1-45ac4b069249,успех,2025-04-12 13:25:00
446,,заход на тему,872d546c-e0cc-48ba-87bf-352e7599674a,успех,2025-04-12 17:55:00
447,,заход на тему,dc6aa6d6-5175-4647-bbfb-3e9111036b4f,успех,2025-04-12 22:14:00
448,,заход на тему,8a9d9708-7ae9-4645-b078-4b535eecfccb,успех,2025-04-12 01:53:00
449,,заход на тему,fc37e4e1-cd09-405e-a0b6-47cf05a75326,успех,2025-04-12 09:27:00
450,,заход на тему,6e9c3a48-9882-4d4d-bcf4-9e99fc694a89,успех,2025-04-12 03:04:00
451,,заход на тему,329db327-5ced-4b88-a225-6ce4bedf72ed,успех,2025-04-12 15:15:00
452,,удаление темы,2e59e8c2-eec4-48e7-b148-08e18229431d,успех,2025-04-12 03:35:00
453,,удаление темы,a8ce7e1c-3f36-4662-b77b-c61e019be2e8,успех,2025-04-12 20:49:00
454,,удаление темы,0c63ebf1-51d5-4393-80f8-59b9e725e67b,успех,2025-04-12 15:07:00
455,0258aa08-c8a6-4102-80bc-25fea87a6101,написание сообщения,074278d2-8b36-4f0e-a529-863f082c52af,успех,2025-04-12 15:13:00
456,5fb8a0e4-0a58-48e7-818c-f83ae1c267d3,написание сообщения,78984847-fc8b-4232-9367-9d9808d5a8c8,успех,2025-04-12 06:57:00
457,5fb8a0e4-0a58-48e7-818c-f83ae1c267d3,написание сообщения,527624d2-b6b4-4fb8-a294-5bb7e469fb31,успех,2025-04-12 05:49:00
458,09ffa5c3-e673-432e-99d3-1c8695ecedf1,написание сообщения,a1673b30-b506-4991-9b60-c0c0811cc122,успех,2025-04-12 09:58:00
459,8621f3ca-b880-4ff6-90be-4f452da51eca,первый заход на сайт,cab2ac35-c288-421e-95fb-5522015ceb3d,успех,2025-04-13 11:18:00
460,1fd0ff14-1b8b-48f6-a40b-b9257057322b,регистрация,a9f05588-5fda-46b8-98dd-da8ddd1eec96,успех,2025-04-13 22:13:00
461,896d89e7-8a09-4c65-8d39-993edc87361e,логин,13b8446f-f0b2-404b-9e24-f307dbf6fd5f,успех,2025-04-13 03:47:00
462,8980e78d-0ac1-40c3-b73a-c7885ca5754c,логин,f76b16ba-e5da-4450-ac87-db43f2aa145a,успех,2025-04-13 15:13:00
463,50731cf2-5745-4fbc-a480-fe7113f1520c,логин,55a2f695-a169-4313-a35a-fab313c9692f,успех,2025-04-13 04:51:00
464,0258aa08-c8a6-4102-80bc-25fea87a6101,логин,8e5bd1c5-0911-4e12-b2a1-e1e84766653e,успех,2025-04-13 22:58:00
465,8621f3ca-b880-4ff6-90be-4f452da51eca,логин,810fa041-eb51-49a7-ba6c-010faf639836,успех,2025-04-13 23:58:00
466,fda5e13d-0f99-472f-99af-8a901bfc45ac,логаут,b2ea146a-696d-4c4f-bbc7-cf3c9e95811a,успех,2025-04-13 02:52:00
467,b7efcb0a-3847-4745-a9a5-a669bd21fd2a,создание темы,384bd40c-5b0e-4a5e-9c78-0b1363f08e8d,успех,2025-04-13 14:32:00
468,fda5e13d-0f99-472f-99af-8a901bfc45ac,создание темы,51119cbc-19d9-4b2e-8867-12334d9e37a1,успех,2025-04-13 05:56:00
469,8621f3ca-b880-4ff6-90be-4f452da51eca,создание темы,fc72ca06-b974-4284-9173-b45eb118a904,успех,2025-04-13 11:34:00
470,8980e78d-0ac1-40c3-b73a-c7885ca5754c,создание темы,762193d4-2d5c-4a68-adcf-8451dfe6c232,успех,2025-04-13 23:17:00
471,,заход на тему,ff4d510f-c973-4b4a-b34f-42e26800eac3,успех,2025-04-13 21:48:00
472,,заход на тему,a39e1d53-6bcc-4ffd-b4ab-6783837c0fb4,успех,2025-04-13 01:53:00
473,,заход на тему,cda5cf12-124b-4abd-9337-e31f54d73e13,успех,2025-04-13 15:20:00
474,,заход на тему,a19dd87e-dea0-41c5-a6e2-2a24ac9e3d67,успех,2025-04-13 02:55:00
475,,заход на тему,b4ff406a-a7df-40d9-8930-8627cf9bb202,успех,2025-04-13 09:32:00
476,,заход на тему,d6b16a7f-9e80-4369-965e-4cfb5e88f5ac,успех,2025-04-13 14:04:00
477,,заход на тему,9800f977-a98b-4920-a93a-05c92879b94f,успех,2025-04-13 14:16:00
478,,удаление темы,87819aea-ca02-482d-8497-bc5b4f8a8155,успех,2025-04-13 23:12:00
479,,удаление темы,c9285400-ea12-4bea-bb1d-6fd26833de71,успех,2025-04-13 04:24:00
480,,написание сообщения,275dd6ca-b3af-47da-9be9-927a815e38c7,ошибка,2025-04-13 11:32:00
481,43a0434a-6c4a-4fc9-a8b8-ca5be09e01cc,написание сообщения,012a85ec-9c67-41fb-9650-e394728c5dc3,успех,2025-04-13 00:47:00
482,,написание сообщения,eed4812b-ae86-4b08-a96c-e19c9da6b6ee,ошибка,2025-04-13 00:39:00
483,50731cf2-5745-4fbc-a480-fe7113f1520c,первый заход на сайт,959ecaa4-2d7b-4346-8ab0-c87e67db9ddc,успех,2025-04-14 07:39:00
484,5fb8a0e4-0a58-48e7-818c-f83ae1c267d3,регистрация,f7e68225-1341-4cfa-a961-b31f3122f5a9,успех,2025-04-14 14:59:00
485,b7efcb0a-3847-4745-a9a5-a669bd21fd2a,логин,74d99abb-ac5d-41ea-b834-423eebff04d3,успех,2025-04-14 04:29:00
486,fda5e13d-0f99-472f-99af-8a901bfc45ac,логин,21266d5d-7435-4809-a150-34815f651a14,успех,2025-04-14 03:38:00
487,0258aa08-c8a6-4102-80bc-25fea87a6101,логин,a07dfb48-d81a-4c31-99f1-a8195d01ec7a,успех,2025-04-14 01:59:00
488,28bb5788-c19a-45c1-9d48-ed101e54ddac,логин,98281834-456d-4dc8-8860-742eb53fae8b,успех,2025-04-14 00:46:00
489,1fd0ff14-1b8b-48f6-a40b-b9257057322b,логин,72245379-8ba4-489e-b580-e20c9029b2f1,успех,2025-04-14 18:18:00
490,8621f3ca-b880-4ff6-90be-4f452da51eca,логаут,54bacaac-6fbb-48e7-b1a4-36a3f58c8a94,успех,2025-04-14 03:40:00
491,50731cf2-5745-4fbc-a480-fe7113f1520c,создание темы,7f7504fb-a774-4e1b-9add-4e1dccf9fbd2,успех,2025-04-14 04:41:00
492,66e19318-5480-405e-b259-077b6439681d,создание темы,cf919c09-a1d5-48ea-9db0-be0c65ca4b8f,успех,2025-04-14 09:34:00
493,e178b7c2-0e5a-4b0e-a7ad-afc1badc91f8,создание темы,e1d1f409-c767-4e7c-9728-ae4a8aae4075,успех,2025-04-14 08:47:00
494,,заход на тему,f2d63f4a-afee-472b-9469-b202d437308b,успех,2025-04-14 01:30:00
495,,заход на тему,e75901e5-6225-4cba-b9e8-3dcc2a888aee,успех,2025-04-14 18:35:00
496,,заход на тему,84ff3b15-fb90-4733-994b-478c4e2c6511,успех,2025-04-14 04:12:00
497,,заход на тему,55181073-6af8-47b1-9eb7-efb33e5db807,успех,2025-04-14 20:06:00
498,,заход на тему,dd7e3c91-7767-46a9-b9fa-9f2f1bceff9c,успех,2025-04-14 16:11:00
499,,заход на тему,e597b07c-d6c3-450f-b68e-333e1f5028c2,успех,2025-04-14 19:56:00
500,,заход на тему,55ecd9a4-b175-425b-960f-bc333ec8a1cf,успех,2025-04-14 22:08:00
501,,удаление темы,18a4da4b-ce69-4850-85a6-29aafeb0063e,успех,2025-04-14 14:46:00
502,,удаление темы,d4805590-c677-4714-9a61-9697e8ebdc5f,успех,2025-04-14 18:21:00
503,,удаление темы,1e616453-67ba-449d-bf59-e22afa60416f,успех,2025-04-14 18:46:00
504,,написание сообщения,1855aa18-05b7-4d4f-a289-b61ed2b849ea,ошибка,2025-04-14 21:10:00
505,ef11ca3d-3647-441f-bfab-4c56acb061bd,написание сообщения,0cbee3bb-b0ee-4848-b8b1-ee913d4391de,успех,2025-04-14 12:01:00
506,8621f3ca-b880-4ff6-90be-4f452da51eca,написание сообщения,eab9c7a5-c19e-4c73-98c8-205011082d07,успех,2025-04-14 02:00:00
507,43a0434a-6c4a-4fc9-a8b8-ca5be09e01cc,первый заход на сайт,9ddb1c83-6327-44a9-a2ed-d3539b4a8c3a,успех,2025-04-15 08:00:00
508,8621f3ca-b880-4ff6-90be-4f452da51eca,регистрация,d505351d-ac62-4f9d-a4a4-098cd166d53e,успех,2025-04-15 13:16:00
509,50731cf2-5745-4fbc-a480-fe7113f1520c,логин,bb0c8406-9302-4752-8cf2-995e717333fd,успех,2025-04-15 00:26:00
510,43a0434a-6c4a-4fc9-a8b8-ca5be09e01cc,логаут,ff73dec7-eb43-42c5-8ac5-59f7be9c2a0d,успех,2025-04-15 15:34:00
511,0258aa08-c8a6-4102-80bc-25fea87a6101,логаут,7f9027b1-6219-47c1-bf72-2fe7dd0797f9,успех,2025-04-15 16:52:00
512,5fb8a0e4-0a58-48e7-818c-f83ae1c267d3,создание темы,77eeeb98-81a3-4399-8983-ed50b0a5fc90,успех,2025-04-15 08:40:00
513,8621f3ca-b880-4ff6-90be-4f452da51eca,создание темы,2a4bc00e-f7a4-4713-8874-745facf2dd96,успех,2025-04-15 01:42:00
514,,заход на тему,02c61124-2787-4423-8a6d-9b2d331e5390,успех,2025-04-15 05:57:00
515,,заход на тему,09d6310c-b7ed-4ddd-9298-05de5d2f82e8,успех,2025-04-15 04:30:00
516,,заход на тему,b214a215-90c3-4b8e-8c0a-81eedb4b8804,успех,2025-04-15 06:44:00
517,,заход на тему,1bbc7a88-befb-482a-ac76-bc16111202fd,успех,2025-04-15 21:50:00
518,,заход на тему,e56eddca-0ed6-41ea-869c-00f7fa5620f0,успех,2025-04-15 07:11:00
519,,заход на тему,d7db193f-c1ea-4cb1-b788-b9b593fe1f5c,успех,2025-04-15 14:06:00
520,,заход на тему,2f81114e-0ab6-40fa-8b71-c320f43ee8ad,успех,2025-04-15 23:25:00
521,,заход на тему,e048bfb6-f487-4d08-aedd-b32014f6e468,успех,2025-04-15 15:50:00
522,,заход на тему,ccf3778a-3c2f-4e87-815e-a65bcf742ad0,успех,2025-04-15 21:11:00
523,,заход на тему,8e304f89-b046-4820-890d-4ba7a9a59dcb,успех,2025-04-15 00:33:00
524,,удаление темы,8c324e8a-acdc-4757-8f8a-994e1d79d4f2,успех,2025-04-15 22:41:00
525,ef11ca3d-3647-441f-bfab-4c56acb061bd,написание сообщения,92067409-326e-41b3-b05e-11b54d963a37,успех,2025-04-15 22:48:00
526,,написание сообщения,792eeb67-38a2-4117-9b38-f99e94eb4b1a,ошибка,2025-04-15 19:07:00
527,ef11ca3d-3647-441f-bfab-4c56acb061bd,написание сообщения,704ccf45-3aa8-4351-b7ce-b842ce929194,успех,2025-04-15 15:50:00
528,fda5e13d-0f99-472f-99af-8a901bfc45ac,первый заход на сайт,3c67f3de-3dad-40d8-9f15-4bbce8c5d5d1,успех,2025-04-16 21:30:00
529,66e19318-5480-405e-b259-077b6439681d,регистрация,eedf6c3c-11be-493b-804d-fa6e03bfb762,успех,2025-04-16 12:00:00
530,e2cfd331-bcc4-4ba5-b0fb-40e4a7e3b317,логин,f588d634-d75c-4bc9-93e9-4ce85d535d57,успех,2025-04-16 17:50:00
531,5fb8a0e4-0a58-48e7-818c-f83ae1c267d3,логаут,a414f50e-36db-4f29-a11f-c34bfd1570ab,успех,2025-04-16 12:34:00
532,fda5e13d-0f99-472f-99af-8a901bfc45ac,логаут,4266a605-e967-4505-a9c4-31c5554a8174,успех,2025-04-16 17:01:00
533,09ffa5c3-e673-432e-99d3-1c8695ecedf1,создание темы,8616a6bd-3603-4910-874d-d1c367201b97,успех,2025-04-16 20:44:00
534,dcd0de93-5441-41f0-b7c2-601414e4d197,создание темы,620b9e26-6171-4e51-925b-0d800f5de8cd,успех,2025-04-16 00:50:00
535,,заход на тему,690a1a27-8334-4041-91cc-232613a9c560,успех,2025-04-16 18:30:00
536,,заход на тему,bc741db2-f4a4-4255-9fc7-44d07c78248f,успех,2025-04-16 10:04:00
537,,заход на тему,2e2673f4-231f-4d9c-bdc0-92225f9f8348,успех,2025-04-16 19:45:00
538,,заход на тему,bd60963c-7397-4828-ba67-b440182bb60d,успех,2025-04-16 07:24:00
539,,заход на тему,d1945abc-8cf9-42f5-8430-c6ed590c2ba0,успех,2025-04-16 09:10:00
540,,удаление темы,17cc1503-5cb7-473d-a130-aad3b55359e4,успех,2025-04-16 15:58:00
541,,удаление темы,a11777bf-bb95-48cc-9009-dd06252e3e75,успех,2025-04-16 21:03:00
542,,написание сообщения,8aeff728-905b-41c0-8d81-bf7959162d22,ошибка,2025-04-16 06:29:00
543,,написание сообщения,b888c946-dbee-4903-a5c5-22722f27b617,ошибка,2025-04-16 21:32:00
544,28bb5788-c19a-45c1-9d48-ed101e54ddac,написание сообщения,434bf567-6b7d-45e9-b172-bb4a584977b7,успех,2025-04-16 13:26:00
545,,написание сообщения,e9b1d3ca-bc6e-4fe0-90dd-6a9ed7923ff8,ошибка,2025-04-16 20:55:00
546,,написание сообщения,ee9bc13e-e008-4915-a280-f616697fb3eb,ошибка,2025-04-16 07:52:00
547,e178b7c2-0e5a-4b0e-a7ad-afc1badc91f8,написание сообщения,8ceacb51-fad0-450a-b140-1a87d02104c6,успех,2025-04-16 21:01:00
548,,написание сообщения,8134af64-038f-49b5-82e9-cbc67a044f28,ошибка,2025-04-16 13:38:00
549,50731cf2-5745-4fbc-a480-fe7113f1520c,первый заход на сайт,aae99106-0bf8-4881-b817-a3395befeb8e,успех,2025-04-17 08:31:00
550,8621f3ca-b880-4ff6-90be-4f452da51eca,регистрация,5f40cea4-0e93-4e09-9b85-4b806b42bec4,успех,2025-04-17 15:52:00
551,09ffa5c3-e673-432e-99d3-1c8695ecedf1,логин,6ffd0ded-6c6d-4728-87e7-4dba99e9fb13,успех,2025-04-17 05:35:00
552,8980e78d-0ac1-40c3-b73a-c7885ca5754c,логин,844513cc-3910-4bb8-8c05-1dda1c1fb109,успех,2025-04-17 09:46:00
553,0258aa08-c8a6-4102-80bc-25fea87a6101,логин,90661e1e-a30a-4aeb-9b89-167e5b8f2152,успех,2025-04-17 05:31:00
554,fda5e13d-0f99-472f-99af-8a901bfc45ac,логаут,672849d3-1473-4529-8c34-3712348f7523,успех,2025-04-17 20:23:00
555,fcb0a6e6-c97f-4d59-8f19-35e2668951c6,логаут,dff8d74a-0eb4-42cf-ada2-f098dce48cac,успех,2025-04-17 19:32:00
556,e6644ba3-af8e-446b-9e24-162f6b05d824,логаут,5fe204c5-edf5-4384-be39-e928f19a59f8,успех,2025-04-17 20:48:00
557,1fd0ff14-1b8b-48f6-a40b-b9257057322b,создание темы,d5eea415-86f1-43b1-b0af-1b6e6675b8b9,успех,2025-04-17 20:57:00
558,50731cf2-5745-4fbc-a480-fe7113f1520c,создание темы,78ea69fd-4dd1-4b1b-b62d-d5164aa8d5a2,успех,2025-04-17 15:42:00
559,,заход на тему,d482df1a-5a84-4f41-a40f-45599504c0c5,успех,2025-04-17 04:40:00
560,,заход на тему,9b23aa0b-63ec-45ac-90cc-ba42f9ae7442,успех,2025-04-17 13:38:00
561,,заход на тему,4b349976-17dc-49be-81e6-90cd31f071ff,успех,2025-04-17 09:28:00
562,,заход на тему,75aeadf7-6393-4f93-a20d-b60f5ec4cb1a,успех,2025-04-17 12:02:00
563,,заход на тему,516990c4-8efb-40a8-b536-673638bc1cb4,успех,2025-04-17 19:24:00
564,,заход на тему,8db7bf57-d316-4384-a2a5-056ceda4217e,успех,2025-04-17 13:46:00
565,,удаление темы,61c62089-d02e-4b7c-afc2-c911cb9fedcb,успех,2025-04-17 06:22:00
566,896d89e7-8a09-4c65-8d39-993edc87361e,написание сообщения,9cbde70d-a976-48da-b019-01ba01768524,успех,2025-04-17 14:36:00
567,,написание сообщения,53d45c42-6929-4286-b7a7-1634f1c4c05e,ошибка,2025-04-17 18:18:00
568,e178b7c2-0e5a-4b0e-a7ad-afc1badc91f8,написание сообщения,a5ab1b35-8827-420c-872d-5bccafa3bd95,успех,2025-04-17 03:13:00
569,dcd0de93-5441-41f0-b7c2-601414e4d197,первый заход на сайт,3bcdaca8-820e-457d-bc83-28814debd5ae,успех,2025-04-18 10:10:00
570,d2ec4243-2256-4597-80cf-125c4319d66f,регистрация,e33d92fb-964c-4ec5-9b34-7b05b664fde3,успех,2025-04-18 08:50:00
571,43a0434a-6c4a-4fc9-a8b8-ca5be09e01cc,логин,78435c78-ca30-4158-8005-bea8ba1f346a,успех,2025-04-18 04:21:00
572,1fd0ff14-1b8b-48f6-a40b-b9257057322b,логин,d3d66244-ea25-4ef9-9feb-06733570b46e,успех,2025-04-18 00:14:00
573,fcb0a6e6-c97f-4d59-8f19-35e2668951c6,логин,11843449-7ec3-47b4-a1ce-11e54189a76e,успех,2025-04-18 04:23:00
574,e178b7c2-0e5a-4b0e-a7ad-afc1badc91f8,логин,478b6a55-b9ef-47b8-8a6a-b2c56572beec,успех,2025-04-18 08:07:00
575,8621f3ca-b880-4ff6-90be-4f452da51eca,логаут,c880fa96-bf37-4f11-8e66-c80f29a45115,успех,2025-04-18 13:42:00
576,fcb0a6e6-c97f-4d59-8f19-35e2668951c6,логаут,959b3105-b3ac-4f20-8fd1-0046e344de37,успех,2025-04-18 02:54:00
577,e2cfd331-bcc4-4ba5-b0fb-40e4a7e3b317,логаут,f18d8d01-4950-4791-8788-f39c11c0bb1a,успех,2025-04-18 09:46:00
578,50731cf2-5745-4fbc-a480-fe7113f1520c,создание темы,343c8e4f-6ec7-44e5-ab81-c6572303e70c,успех,2025-04-18 06:22:00
579,09ffa5c3-e673-432e-99d3-1c8695ecedf1,создание темы,e5733f4d-7a88-46e9-961a-f9df0df2c3bb,успех,2025-04-18 06:57:00
580,fda5e13d-0f99-472f-99af-8a901bfc45ac,создание темы,25f7a0ab-720c-40d4-af9a-a93d71dee3a5,успех,2025-04-18 14:26:00
581,e178b7c2-0e5a-4b0e-a7ad-afc1badc91f8,создание темы,9fb94c84-f599-42bf-9e63-2442c38e6848,успех,2025-04-18 16:24:00
582,,заход на тему,36dd0c79-c211-47d9-8164-546a1b840636,успех,2025-04-18 10:14:00
583,,заход на тему,5b7d236e-c4f6-477d-831f-2deba0d3050a,успех,2025-04-18 22:57:00
584,,заход на тему,dc407ab0-92f0-4a03-991c-33371a6b9987,успех,2025-04-18 03:07:00
585,,заход на тему,87e1cac0-d784-4c36-a6be-e1f21092394b,успех,2025-04-18 07:25:00
586,,заход на тему,83dcc6c8-c6b1-4f08-b0a7-a40ee6cd78c4,успех,2025-04-18 06:44:00
587,,заход на тему,22419cdc-60a3-4a80-a25f-0b6fb86a898a,успех,2025-04-18 16:54:00
588,,удаление темы,b3e224e2-91ed-4352-be89-7938330cb50e,успех,2025-04-18 23:33:00
589,,написание сообщения,51e86756-161c-4c51-bbf0-28a6bafa1207,ошибка,2025-04-18 05:04:00
590,,написание сообщения,621da808-ad96-4f22-8253-f5471f84b21f,ошибка,2025-04-18 20:35:00
591,,написание сообщения,46d5c7b7-4db8-4ea0-afa4-0a6c48a7d934,ошибка,2025-04-18 10:50:00
592,,написание сообщения,2d33594b-6b1a-4b01-8718-c5484c723ba8,ошибка,2025-04-18 12:38:00
593,50731cf2-5745-4fbc-a480-fe7113f1520c,написание сообщения,3964f08a-67e8-4c15-b09a-b4f7d42fcc19,успех,2025-04-18 17:46:00
594,e6644ba3-af8e-446b-9e24-162f6b05d824,написание сообщения,be235d75-56b5-41e1-8535-6a63ee1e3b5f,успех,2025-04-18 10:05:00
595,0258aa08-c8a6-4102-80bc-25fea87a6101,первый заход на сайт,106a1148-c209-454a-9610-1d58352a5cfe,успех,2025-04-19 20:52:00
596,ef11ca3d-3647-441f-bfab-4c56acb061bd,регистрация,1f4f8be3-dec5-4bd5-986a-0e8950d7dab2,успех,2025-04-19 01:00:00
597,66e19318-5480-405e-b259-077b6439681d,логин,42efaab3-448e-4e95-82cc-04cb9d1677e2,успех,2025-04-19 00:33:00
598,28bb5788-c19a-45c1-9d48-ed101e54ddac,логаут,3c56c8e9-8839-4907-9f6b-757e5e24d63b,успех,2025-04-19 19:31:00
599,ef11ca3d-3647-441f-bfab-4c56acb061bd,логаут,762299fd-db73-45cf-91a2-92a8dfa91416,успех,2025-04-19 02:41:00
600,e6644ba3-af8e-446b-9e24-162f6b05d824,логаут,d7c5e159-448f-440d-8345-dfed2a475828,успех,2025-04-19 04:42:00
601,43a0434a-6c4a-4fc9-a8b8-ca5be09e01cc,логаут,cdd25837-f01a-418b-a730-3bd0c88141d4,успех,2025-04-19 19:08:00
602,dcd0de93-5441-41f0-b7c2-601414e4d197,логаут,9d3d58bc-4156-4ae0-b29f-c111a4a2d5a1,успех,2025-04-19 02:06:00
603,50731cf2-5745-4fbc-a480-fe7113f1520c,создание темы,19691f2c-a93f-4931-a269-a1492cac746a,успех,2025-04-19 09:24:00
604,e2cfd331-bcc4-4ba5-b0fb-40e4a7e3b317,создание темы,9c813b27-73e5-4785-83eb-9afb867555ac,успех,2025-04-19 19:32:00
605,fcb0a6e6-c97f-4d59-8f19-35e2668951c6,создание темы,2538df7b-92ac-4f74-981e-abdf5a588a9b,успех,2025-04-19 19:22:00
606,66e19318-5480-405e-b259-077b6439681d,создание темы,dffb69c7-adc6-49fa-a102-dec96974beb3,успех,2025-04-19 13:09:00
607,,заход на тему,f0801542-7a1c-4833-bab3-4998e6010ade,успех,2025-04-19 13:27:00
608,,заход на тему,e98c89e3-a67b-4e6f-9cfd-226e01b88ffd,успех,2025-04-19 14:38:00
609,,заход на тему,4a53a67c-56e3-44b2-a7d7-e457f8a5785b,успех,2025-04-19 13:04:00
610,,заход на тему,4d27bf52-40cd-4600-a4b1-1176a28e453c,успех,2025-04-19 19:49:00
611,,заход на тему,198975c9-0b5b-4ece-959d-7e3a5b9f9002,успех,2025-04-19 14:58:00
612,,удаление темы,c6ce9df8-c323-4645-b7d8-1b55c234aad4,успех,2025-04-19 09:07:00
613,,удаление темы,294d77cc-a008-42d8-9315-9d3ffc27bca6,успех,2025-04-19 05:36:00
614,,удаление темы,2b74e0e0-79cd-4ee9-a541-b87c26b484ad,успех,2025-04-19 22:48:00
615,,написание сообщения,ab822385-73a2-456a-9707-3cb905d2818e,ошибка,2025-04-19 09:22:00
616,,написание сообщения,1c009531-4dca-4efb-a607-ec0fcbb84920,ошибка,2025-04-19 13:23:00
617,,написание сообщения,5b13433f-50cf-48f0-805e-12b3c10838bd,ошибка,2025-04-19 12:44:00
618,fda5e13d-0f99-472f-99af-8a901bfc45ac,написание сообщения,e71f06c2-0103-464b-84ca-426886554190,успех,2025-04-19 07:27:00
619,ef11ca3d-3647-441f-bfab-4c56acb061bd,написание сообщения,f469d97b-7ae2-429a-bdaa-c0b0d301c23e,успех,2025-04-19 19:19:00
620,,написание сообщения,1fccbd93-50a0-4d5f-a79b-6c1263cb2160,ошибка,2025-04-19 14:19:00
621,5fb8a0e4-0a58-48e7-818c-f83ae1c267d3,написание сообщения,18980795-4ed0-4f0f-9ce2-2500cf33b18a,успех,2025-04-19 00:46:00
622,fda5e13d-0f99-472f-99af-8a901bfc45ac,первый заход на сайт,2ebaf9af-859a-44bf-8322-0cfc9627ab87,успех,2025-04-20 23:33:00
623,1fd0ff14-1b8b-48f6-a40b-b9257057322b,регистрация,be6d251e-8667-4934-bbd1-7a34f4a9ca99,успех,2025-04-20 19:17:00
624,e6644ba3-af8e-446b-9e24-162f6b05d824,логин,1d4f830f-274a-4919-97cb-0792bfcb59f3,успех,2025-04-20 10:05:00
625,1fd0ff14-1b8b-48f6-a40b-b9257057322b,логин,2a5f332f-4cf9-4a25-8d8b-194b41e34fb7,успех,2025-04-20 02:51:00
626,0258aa08-c8a6-4102-80bc-25fea87a6101,логин,c43489d6-3065-4925-b6cd-4512b48ebd93,успех,2025-04-20 02:08:00
627,d2ec4243-2256-4597-80cf-125c4319d66f,логаут,306cacca-b323-41db-8d32-7911fa822d79,успех,2025-04-20 00:48:00
628,43a0434a-6c4a-4fc9-a8b8-ca5be09e01cc,создание темы,61d07d55-aaa6-4a52-b728-08504a7dcc6b,успех,2025-04-20 12:59:00
629,896d89e7-8a09-4c65-8d39-993edc87361e,создание темы,1e46abbd-2662-4dd4-8d6c-0cb5252b42e3,успех,2025-04-20 01:16:00
630,,заход на тему,00b9cb25-e5f1-4051-aa3d-e5b4bb025b98,успех,2025-04-20 04:35:00
631,,заход на тему,1d992c9d-07e4-4ced-9beb-122ef3150326,успех,2025-04-20 23:19:00
632,,заход на тему,c14c7b5d-3439-4bd8-b567-8fa128da9c16,успех,2025-04-20 18:49:00
633,,заход на тему,e6c8c243-e6fc-4fa7-8da9-f1805a389676,успех,2025-04-20 16:24:00
634,,заход на тему,3020e9f3-e6b0-4082-8445-ad8bd4b3b124,успех,2025-04-20 03:04:00
635,,удаление темы,317c3199-c3f0-4019-a83f-4c6c9f95e3d1,успех,2025-04-20 01:27:00
636,,написание сообщения,f588ba00-af65-424f-9bf9-3f6d1ff611e4,ошибка,2025-04-20 06:35:00
637,e6644ba3-af8e-446b-9e24-162f6b05d824,написание сообщения,ba947f0d-6b2c-4d07-b9c7-71d7b8152297,успех,2025-04-20 13:37:00
638,,написание сообщения,431e0fcc-5b13-4028-ae62-7455b0863bd8,ошибка,2025-04-20 05:52:00
639,,написание сообщения,e34fe414-a457-4ab3-941a-a2572d7a3684,ошибка,2025-04-20 00:57:00
640,43a0434a-6c4a-4fc9-a8b8-ca5be09e01cc,написание сообщения,3417040e-bb8e-44f5-9b34-bc18f04b4114,успех,2025-04-20 07:31:00
641,28bb5788-c19a-45c1-9d48-ed101e54ddac,написание сообщения,9603cf49-7fb2-4583-83d1-a67533401b79,успех,2025-04-20 21:16:00
642,,написание сообщения,08a4270a-28e7-468b-90af-9e7e3f31ecbb,ошибка,2025-04-20 21:28:00
643,66e19318-5480-405e-b259-077b6439681d,первый заход на сайт,27f3cbc7-7887-4475-ad4b-ed2dd1fba762,успех,2025-04-21 17:18:00
644,896d89e7-8a09-4c65-8d39-993edc87361e,регистрация,a65c47e7-d885-45bb-946b-fd3b9aa5c683,успех,2025-04-21 23:31:00
645,b7efcb0a-3847-4745-a9a5-a669bd21fd2a,логин,f17906dc-a2de-4b55-8658-d6442ce5a65c,успех,2025-04-21 00:44:00
646,1fd0ff14-1b8b-48f6-a40b-b9257057322b,логин,1f64ba18-5a77-4af0-aed6-eeee305807a9,успех,2025-04-21 05:50:00
647,0258aa08-c8a6-4102-80bc-25fea87a6101,логин,99600c32-29e4-4ee5-9b5d-e0f364c8b57d,успех,2025-04-21 11:35:00
648,e2cfd331-bcc4-4ba5-b0fb-40e4a7e3b317,логин,7357e5c7-6d89-469f-a588-546afec9efce,успех,2025-04-21 18:19:00
649,50731cf2-5745-4fbc-a480-fe7113f1520c,логаут,f152f34c-af6b-47ea-b03a-db5b9996cf2b,успех,2025-04-21 21:13:00
650,8621f3ca-b880-4ff6-90be-4f452da51eca,логаут,f4736ce2-1675-4238-9026-eec77f15fdd1,успех,2025-04-21 04:20:00
651,ef11ca3d-3647-441f-bfab-4c56acb061bd,логаут,a6c7b281-ee46-4cfc-944c-1acfb5bc221a,успех,2025-04-21 20:27:00
652,5fb8a0e4-0a58-48e7-818c-f83ae1c267d3,логаут,24e57876-81df-40b0-b611-0c2e6758c465,успех,2025-04-21 14:47:00
653,896d89e7-8a09-4c65-8d39-993edc87361e,логаут,cd85b3f8-a949-4cf1-a97d-0c35ba5132c1,успех,2025-04-21 07:01:00
654,1fd0ff14-1b8b-48f6-a40b-b9257057322b,создание темы,aac3b909-bd3c-4469-938b-12ec828d0033,успех,2025-04-21 05:41:00
655,66e19318-5480-405e-b259-077b6439681d,создание темы,a865b6d2-ed2b-4c7a-942a-96d5e11495a6,успех,2025-04-21 16:28:00
656,,заход на тему,a86900ea-018b-47b8-91aa-f9fa483b2c16,успех,2025-04-21 14:53:00
657,,заход на тему,3c55b693-fd7a-480e-a56e-9459c5e317ac,успех,2025-04-21 08:52:00
658,,заход на тему,6eed8509-1121-461a-ab1e-29073179c785,успех,2025-04-21 16:59:00
659,,заход на тему,4a7cd735-9de2-4ce7-8745-691d69ab996b,успех,2025-04-21 08:43:00
660,,заход на тему,a0986799-f6e7-46c0-97b9-9d48853a72c3,успех,2025-04-21 18:32:00
661,,заход на тему,f1c7c59e-6dc4-4775-a856-7f901aa651b6,успех,2025-04-21 03:19:00
662,,заход на тему,9edc3b64-680e-4273-9c63-da8494ad7e0b,успех,2025-04-21 02:57:00
663,,заход на тему,e95b007b-f0b1-42af-a668-d8681fe189cc,успех,2025-04-21 15:29:00
664,,заход на тему,56ab45a9-540f-494f-9e1b-a77955c87354,успех,2025-04-21 04:10:00
665,,удаление темы,2904f32f-1896-44ce-b581-f2914b664239,успех,2025-04-21 17:23:00
666,e178b7c2-0e5a-4b0e-a7ad-afc1badc91f8,написание сообщения,ae066f0b-5a0e-4626-9272-219526e60038,успех,2025-04-21 08:54:00
667,,написание сообщения,05d9638f-37f8-488f-9492-1d74e6d42d32,ошибка,2025-04-21 03:05:00
668,,написание сообщения,8985ebed-e596-493f-b90e-97e392753111,ошибка,2025-04-21 12:22:00
669,,написание сообщения,df6fee1f-b9f3-4730-a38f-0f93e02df840,ошибка,2025-04-21 13:39:00
670,09ffa5c3-e673-432e-99d3-1c8695ecedf1,первый заход на сайт,7beb11eb-3314-4999-8111-94ffe2e3dd50,успех,2025-04-22 16:30:00
671,1fd0ff14-1b8b-48f6-a40b-b9257057322b,регистрация,d1378b15-9d0b-4883-8bed-06bba501dcd0,успех,2025-04-22 01:52:00
672,fda5e13d-0f99-472f-99af-8a901bfc45ac,логин,d29d4075-e496-4308-abab-c47e140ca944,успех,2025-04-22 18:23:00
673,e6644ba3-af8e-446b-9e24-162f6b05d824,логин,1e27ec4d-c39d-4525-ac12-a8474ecccd78,успех,2025-04-22 03:08:00
674,e2cfd331-bcc4-4ba5-b0fb-40e4a7e3b317,логин,e5480c46-ceaf-4511-9141-dc7c6a146c89,успех,2025-04-22 10:44:00
675,5fb8a0e4-0a58-48e7-818c-f83ae1c267d3,логин,30492df4-4a50-4bb5-b30c-7c6d8de4f281,успех,2025-04-22 00:00:00
676,dcd0de93-5441-41f0-b7c2-601414e4d197,логаут,4a1d2eff-f3d2-4c42-8adb-2f36811f4263,успех,2025-04-22 06:26:00
677,fda5e13d-0f99-472f-99af-8a901bfc45ac,логаут,650d238a-4bf9-424c-92c4-70db36bab1d1,успех,2025-04-22 23:52:00
678,e178b7c2-0e5a-4b0e-a7ad-afc1badc91f8,создание темы,813ac858-ae0c-45eb-8ef1-6388707bb969,успех,2025-04-22 20:00:00
679,896d89e7-8a09-4c65-8d39-993edc87361e,создание темы,0d147420-b0a9-4969-8c25-d8888d8feaa5,успех,2025-04-22 23:25:00
680,,заход на тему,8151c335-519f-49a1-8423-7795848729b7,успех,2025-04-22 19:31:00
681,,заход на тему,060ce15c-ac73-424d-8bff-cca05389859a,успех,2025-04-22 07:59:00
682,,заход на тему,df6bfa72-e871-4032-b87f-9d5befbed727,успех,2025-04-22 19:18:00
683,,заход на тему,c27579fd-a9f0-4bc5-afe0-59b05839857e,успех,2025-04-22 03:08:00
684,,заход на тему,732b58b8-bc84-4053-a924-990adbb6e6cc,успех,2025-04-22 08:11:00
685,,удаление темы,34d71614-1cd0-4c59-a251-368ca2b61000,успех,2025-04-22 04:42:00
686,e6644ba3-af8e-446b-9e24-162f6b05d824,написание сообщения,eee39097-6b6a-4394-9483-a3e3c5ce9e14,успех,2025-04-22 02:28:00
687,,написание сообщения,f1c69548-85d9-44b8-83ee-50109996b091,ошибка,2025-04-22 16:11:00
688,8621f3ca-b880-4ff6-90be-4f452da51eca,написание сообщения,ae885c24-303f-49ba-8ad0-850e53a1a5af,успех,2025-04-22 09:06:00
689,,написание сообщения,f4e80ccf-62eb-4c28-811b-9d91cf6aa863,ошибка,2025-04-22 00:26:00
690,28bb5788-c19a-45c1-9d48-ed101e54ddac,первый заход на сайт,c0b0e128-7dcb-4b98-8b75-c683b5431eb1,успех,2025-04-23 21:01:00
691,09ffa5c3-e673-432e-99d3-1c8695ecedf1,регистрация,ca87af1d-b6a3-4468-8184-0d4039b6c41d,успех,2025-04-23 01:35:00
692,e6644ba3-af8e-446b-9e24-162f6b05d824,логин,22f0dd32-1db8-4f76-a632-369ee6548e26,успех,2025-04-23 16:59:00
693,0258aa08-c8a6-4102-80bc-25fea87a6101,логин,06662181-311c-4a5b-beb1-7d1eb4771ea7,успех,2025-04-23 16:02:00
694,fcb0a6e6-c97f-4d59-8f19-35e2668951c6,логин,94fda1be-1507-415b-806e-9cf10b7aac54,успех,2025-04-23 12:43:00
695,5fb8a0e4-0a58-48e7-818c-f83ae1c267d3,логин,2d77a0df-1275-4df3-90a0-87a82c6a6767,успех,2025-04-23 06:19:00
696,43a0434a-6c4a-4fc9-a8b8-ca5be09e01cc,логаут,0a19299f-6195-40da-99b8-01c0d7c7c62f,успех,2025-04-23 17:31:00
697,8621f3ca-b880-4ff6-90be-4f452da51eca,создание темы,7f186c1c-4f72-49aa-8adb-86bd3294d6bb,успех,2025-04-23 11:20:00
698,e6644ba3-af8e-446b-9e24-162f6b05d824,создание темы,1d754f45-9a3f-4706-9942-9354812f7c86,успех,2025-04-23 03:55:00
699,e2cfd331-bcc4-4ba5-b0fb-40e4a7e3b317,создание темы,bb799119-24d1-46a5-9e19-7d816e8889ff,успех,2025-04-23 00:20:00
700,e178b7c2-0e5a-4b0e-a7ad-afc1badc91f8,создание темы,c9740730-865c-497f-b176-8412b38831df,успех,2025-04-23 02:39:00
701,,заход на тему,8852e3e2-7dcf-4c50-a4d1-9b5a673766f8,успех,2025-04-23 22:18:00
702,,заход на тему,31ae7b7a-8cba-40e0-9028-b7ea5457b01c,успех,2025-04-23 13:05:00
703,,заход на тему,fdfaf3a5-2764-4da4-a3ef-d1802e841d18,успех,2025-04-23 01:27:00
704,,заход на тему,0d0e858c-3ac0-4b0e-a263-58663016429f,успех,2025-04-23 14:50:00
705,,заход на тему,4c05780c-b0a3-40ad-9685-3dea00b30bf3,успех,2025-04-23 05:03:00
706,,заход на тему,675cb87e-b5cd-43d1-a036-1ee24bf21b59,успех,2025-04-23 10:29:00
707,,заход на тему,3752d826-2e5e-40a9-9ab2-76994780b086,успех,2025-04-23 10:34:00
708,,заход на тему,b73327e7-9a5f-44c0-b964-a383b5bf5c57,успех,2025-04-23 19:45:00
709,,заход на тему,861b549a-c89a-4ae3-ad75-2f87927f5d32,успех,2025-04-23 11:09:00
710,,удаление темы,44f02926-d382-4d7c-addd-c88e7fa5db05,успех,2025-04-23 21:26:00
711,,удаление темы,caab1d4f-9f3a-492d-813e-7358e2d42f43,успех,2025-04-23 18:03:00
712,,написание сообщения,fabf4c6c-7409-4517-96f7-cab1fde0933d,ошибка,2025-04-23 00:11:00
713,,написание сообщения,d78f30b3-42e8-4e34-8df2-6ce0d2fbc685,ошибка,2025-04-23 20:50:00
714,,написание сообщения,ac652649-0e4e-457f-b976-79b3cbf083b9,ошибка,2025-04-23 11:55:00
715,fda5e13d-0f99-472f-99af-8a901bfc45ac,написание сообщения,84f6af68-22cd-4ad5-8659-ef3474506130,успех,2025-04-23 19:19:00
716,d2ec4243-2256-4597-80cf-125c4319d66f,написание сообщения,22b02520-60b8-4e6c-b0cc-e98ead82d59d,успех,2025-04-23 11:56:00
717,8980e78d-0ac1-40c3-b73a-c7885ca5754c,написание сообщения,209639af-8adb-415d-8a9c-e2f372dfe94b,успех,2025-04-23 07:16:00
718,,написание сообщения,da976008-6f1a-4a2e-9e7f-f0a9e443b2d3,ошибка,2025-04-23 02:16:00
719,0258aa08-c8a6-4102-80bc-25fea87a6101,первый заход на сайт,ed6c9da4-b73d-46d3-b539-647c1f36f3ac,успех,2025-04-24 14:43:00
720,fda5e13d-0f99-472f-99af-8a901bfc45ac,регистрация,f9232bb1-56f1-4845-9a05-6eabfd8ecc7a,успех,2025-04-24 00:47:00
721,0258aa08-c8a6-4102-80bc-25fea87a6101,логин,776973c6-1f61-42ee-90cf-fa04e1f524fb,успех,2025-04-24 14:36:00
722,dcd0de93-5441-41f0-b7c2-601414e4d197,логин,e9f0b163-3622-4c77-b773-8afd5bba02c1,успех,2025-04-24 08:53:00
723,e2cfd331-bcc4-4ba5-b0fb-40e4a7e3b317,логин,402727b9-d793-48f5-a899-cfe5209128ca,успех,2025-04-24 06:47:00
724,1fd0ff14-1b8b-48f6-a40b-b9257057322b,логин,680dd9e5-aa46-41ce-94f5-e447e54785c2,успех,2025-04-24 04:09:00
725,28bb5788-c19a-45c1-9d48-ed101e54ddac,логаут,cbfc5340-041f-4d66-b2eb-bed6d5e75749,успех,2025-04-24 10:22:00
726,896d89e7-8a09-4c65-8d39-993edc87361e,логаут,9ed88321-1e49-4305-8cba-8249233f495b,успех,2025-04-24 09:51:00
727,fcb0a6e6-c97f-4d59-8f19-35e2668951c6,логаут,c0d7d5bc-36cd-4edf-8e9e-075866868f47,успех,2025-04-24 04:32:00
728,66e19318-5480-405e-b259-077b6439681d,логаут,5de121b9-91ff-4976-ab1d-233e192f27c6,успех,2025-04-24 09:58:00
729,b7efcb0a-3847-4745-a9a5-a669bd21fd2a,создание темы,10e9e529-9657-4153-9a64-d9b6c1244adf,успех,2025-04-24 14:53:00
730,09ffa5c3-e673-432e-99d3-1c8695ecedf1,создание темы,7f46cc2a-2a82-4436-b1a0-1d8bd0d2e298,успех,2025-04-24 08:13:00
731,,заход на тему,2b0f91c8-0047-4cde-a12e-ced6d62218a6,успех,2025-04-24 19:20:00
732,,заход на тему,3d956a74-cecb-45ec-a1ee-d07f9498a8d1,успех,2025-04-24 22:15:00
733,,заход на тему,07b03b75-11bb-4827-8bc4-dcac766a5ca5,успех,2025-04-24 13:09:00
734,,заход на тему,d0c435ac-503b-4f67-9005-7e195ec45509,успех,2025-04-24 08:46:00
735,,заход на тему,393919a8-e51f-4619-953a-ffc357521f8c,успех,2025-04-24 05:04:00
736,,заход на тему,582def41-c7af-42ac-93c8-aa5aa8248c25,успех,2025-04-24 03:41:00
737,,заход на тему,452e9598-8440-4a0d-b3f2-6fdf68ee99cb,успех,2025-04-24 16:27:00
738,,заход на тему,03183711-7713-4c7c-8ae9-704c6601f906,успех,2025-04-24 13:59:00
739,,заход на тему,d92cdabc-2566-4720-b705-e98644eca0a0,успех,2025-04-24 18:19:00
740,,удаление темы,332cbb9d-e5e0-4b81-baff-6d994e6a276a,успех,2025-04-24 13:44:00
741,896d89e7-8a09-4c65-8d39-993edc87361e,написание сообщения,fa9ddb71-d8ed-4bd5-95be-d67f09d4f858,успех,2025-04-24 15:20:00
742,,написание сообщения,f56fa5f4-bb54-4b2b-a69b-8499f4f9cef5,ошибка,2025-04-24 05:06:00
743,5fb8a0e4-0a58-48e7-818c-f83ae1c267d3,написание сообщения,4f8c5df8-9e7d-42df-aa04-1fd289185179,успех,2025-04-24 00:21:00
744,28bb5788-c19a-45c1-9d48-ed101e54ddac,написание сообщения,867a82c5-fef9-460a-b51f-335d6551233b,успех,2025-04-24 00:59:00
745,,написание сообщения,cc6a5a95-97f2-47a5-957e-49813af36be2,ошибка,2025-04-24 03:20:00
746,,написание сообщения,e2b78b82-9daf-4f19-8146-ea690e79e529,ошибка,2025-04-24 10:14:00
747,,написание сообщения,eca71d4a-5e3d-4843-b174-8fd0ed868ebd,ошибка,2025-04-24 05:14:00
748,8980e78d-0ac1-40c3-b73a-c7885ca5754c,первый заход на сайт,882af8f9-3048-4c24-a7df-69143fde8458,успех,2025-04-25 20:52:00
749,ef11ca3d-3647-441f-bfab-4c56acb061bd,регистрация,655bcbc9-ae1c-45a0-b1ba-6a083166a62a,успех,2025-04-25 15:02:00
750,896d89e7-8a09-4c65-8d39-993edc87361e,логин,8bdd1cee-dac2-4296-9047-292b9fe75415,успех,2025-04-25 20:04:00
751,ef11ca3d-3647-441f-bfab-4c56acb061bd,логин,90daaec8-5c93-48c5-a79c-22507151b1d0,успех,2025-04-25 21:45:00
752,e6644ba3-af8e-446b-9e24-162f6b05d824,логин,98b5f460-b476-4c87-a73c-0f93557bb657,успех,2025-04-25 17:13:00
753,fcb0a6e6-c97f-4d59-8f19-35e2668951c6,логин,025d0399-32c4-4aac-b905-eca59a4df248,успех,2025-04-25 04:06:00
754,28bb5788-c19a-45c1-9d48-ed101e54ddac,логаут,67517cae-9db6-4a49-b144-53e3bdcf232a,успех,2025-04-25 08:59:00
755,09ffa5c3-e673-432e-99d3-1c8695ecedf1,логаут,d780d7e8-904e-4638-8552-559475941648,успех,2025-04-25 09:02:00
756,896d89e7-8a09-4c65-8d39-993edc87361e,логаут,cb7a3e50-849b-4cb5-b067-809fd284e438,успех,2025-04-25 20:09:00
757,d2ec4243-2256-4597-80cf-125c4319d66f,логаут,816bf422-f4c8-4877-a075-3a3aafeb9fbb,успех,2025-04-25 10:51:00
758,896d89e7-8a09-4c65-8d39-993edc87361e,создание темы,f603d769-9c25-408f-9fcb-f4cbdf510ee1,успех,2025-04-25 20:15:00
759,50731cf2-5745-4fbc-a480-fe7113f1520c,создание темы,26ba894f-c455-473f-a2d8-774702521b5d,успех,2025-04-25 12:35:00
760,,заход на тему,339ef872-b4e1-4e20-bd81-cba3013fd13d,успех,2025-04-25 13:56:00
761,,заход на тему,76587dbe-b520-4894-b26e-b44331f2766e,успех,2025-04-25 23:28:00
762,,заход на тему,5db7d2e7-5de1-4a60-8607-11c8819c5328,успех,2025-04-25 20:34:00
763,,заход на тему,4c856407-82c9-4863-bd71-1aed27faf98b,успех,2025-04-25 11:44:00
764,,заход на тему,14b9cbaf-c013-497f-b548-3c9d8fd8bd2b,успех,2025-04-25 19:13:00
765,,заход на тему,5058cbfd-5782-4dbf-b079-d3056ad2fc76,успех,2025-04-25 06:01:00
766,,заход на тему,4feb0d24-ef7e-4c0e-ad98-547ae7fc48c1,успех,2025-04-25 10:01:00
767,,заход на тему,0ef06d26-674c-40dc-8aa9-c93a10142f12,успех,2025-04-25 10:21:00
768,,удаление темы,b13a081c-84a1-4d61-a30a-74278c258ec6,успех,2025-04-25 18:12:00
769,,удаление темы,5b1c3735-916e-4d97-b673-cc64462356f9,успех,2025-04-25 03:28:00
770,,удаление темы,00c5cd89-3585-4526-a26a-62d93ae42dfa,успех,2025-04-25 20:38:00
771,8980e78d-0ac1-40c3-b73a-c7885ca5754c,написание сообщения,71e72c3a-1637-452f-9e55-153801e45a62,успех,2025-04-25 03:59:00
772,b7efcb0a-3847-4745-a9a5-a669bd21fd2a,написание сообщения,adf61976-765d-43d3-b89a-52c4470c896f,успех,2025-04-25 22:06:00
773,dcd0de93-5441-41f0-b7c2-601414e4d197,написание сообщения,78fc7a81-e4c5-4280-8a15-02669952cbbb,успех,2025-04-25 04:57:00
774,fcb0a6e6-c97f-4d59-8f19-35e2668951c6,написание сообщения,f011a471-7b82-41a8-a105-dd2675b2555c,успех,2025-04-25 00:37:00
775,,написание сообщения,bfb2f68d-6083-44fd-8381-2799c66cedc0,ошибка,2025-04-25 04:29:00
776,fda5e13d-0f99-472f-99af-8a901bfc45ac,написание сообщения,12f62707-30a8-4fe5-a622-abef98c64db0,успех,2025-04-25 13:18:00
