topic_id,title,user_id,created_at
5b7adec4-ccc0-46a4-90a3-8334fa84dcb3,Occur management together.,28bb5788-c19a-45c1-9d48-ed101e54ddac,2025-02-23 23:01:29.932850
57cb1270-b320-4732-a8bb-73a0b63809df,Moment rest human white threat board.,1fd0ff14-1b8b-48f6-a40b-b9257057322b,2025-02-04 13:07:31.914133
6ee5921d-7052-45db-a1d5-620bdeab5f18,Feel stay on door.,28bb5788-c19a-45c1-9d48-ed101e54ddac,2025-01-19 20:59:29.213234
c98201a9-9513-4208-a7d1-80adcfb715c9,Crime son war choice name.,8621f3ca-b880-4ff6-90be-4f452da51eca,2025-01-04 12:33:01.395829
eee91d57-e001-4287-aac5-df7c9a6695f0,At detail movie note.,1fd0ff14-1b8b-48f6-a40b-b9257057322b,2025-03-08 16:21:23.407733
acbcaf66-bb0f-43eb-a295-bba9f0265d21,Walk face second chair.,fda5e13d-0f99-472f-99af-8a901bfc45ac,2025-02-23 20:37:37.054909
6e16d993-6841-4154-875b-86eaf446f96f,Long suddenly including party.,fcb0a6e6-c97f-4d59-8f19-35e2668951c6,2025-01-19 23:35:38.836435
f32b54b6-fdd7-47ab-924e-2534aca8bb87,Money source bag Mr.,0258aa08-c8a6-4102-80bc-25fea87a6101,2025-03-14 13:30:26.980948
efe987cf-62d2-454a-8deb-7550228a8deb,View plan save fine.,fcb0a6e6-c97f-4d59-8f19-35e2668951c6,2025-04-10 05:08:34.574576
2c05719f-dd8c-443f-8ade-bd3a9abc1fdc,Training shake level administration likely.,fda5e13d-0f99-472f-99af-8a901bfc45ac,2025-03-19 08:06:31.660832
67badce7-56f8-41b6-b2b9-b575f8f8d394,Life enter six training want wait.,ef11ca3d-3647-441f-bfab-4c56acb061bd,2025-01-04 18:37:51.422900
38f663d2-3c82-49fa-8a20-d34e9346abc9,Glass feeling power media.,e178b7c2-0e5a-4b0e-a7ad-afc1badc91f8,2025-03-13 13:59:29.832635
8c53107c-ed5f-427c-b8eb-dc4086eb4d23,Present drug nice stage.,e6644ba3-af8e-446b-9e24-162f6b05d824,2025-01-16 10:51:02.009279
8206a451-da61-4851-80a6-a777194520d4,Partner matter citizen within Republican special.,66e19318-5480-405e-b259-077b6439681d,2025-02-06 06:26:47.465008
fdb48830-4e26-46b3-9d75-87260a9480ee,Which similar certainly culture.,fcb0a6e6-c97f-4d59-8f19-35e2668951c6,2025-03-31 03:08:16.873799
abe432fe-b454-4d68-8ca7-3d3e783decd6,During unit today choice.,09ffa5c3-e673-432e-99d3-1c8695ecedf1,2025-04-12 05:40:50.566173
4c89aced-ff6e-4795-b258-6186849bc00c,Network list now remain.,fda5e13d-0f99-472f-99af-8a901bfc45ac,2025-03-14 07:00:51.076106
da5a0e73-b349-4f4d-9857-f640c65ab629,Clearly miss allow you store once personal.,896d89e7-8a09-4c65-8d39-993edc87361e,2025-01-26 10:14:55.567384
619b5c16-9d0a-4e93-8f06-b83e7955c450,Specific yard number.,1fd0ff14-1b8b-48f6-a40b-b9257057322b,2025-04-01 22:25:10.658856
aa65e870-24df-41e4-9eeb-a00d1869e4e8,Me see writer last.,fda5e13d-0f99-472f-99af-8a901bfc45ac,2025-02-15 02:08:58.588159
072ca6cb-2d16-4aa7-b40d-5632823826eb,Else red official ground rather data trade reveal.,1fd0ff14-1b8b-48f6-a40b-b9257057322b,2025-03-04 01:41:36.963242
1c714ac3-7b46-45e3-8c93-424000b8c73a,Seat raise professor hair foreign.,fda5e13d-0f99-472f-99af-8a901bfc45ac,2025-04-10 12:53:07.538650
295096a1-514f-4dcb-aa2a-9faf63783964,Issue include contain again run prevent page.,fda5e13d-0f99-472f-99af-8a901bfc45ac,2025-04-05 07:38:53.295918
e67085d7-ef44-4214-a070-4ec0d2db89b7,Certain someone fall surface day single.,896d89e7-8a09-4c65-8d39-993edc87361e,2025-03-28 07:56:06.227637
20dc92eb-82ce-4689-9ae4-fde3374abe4b,Radio trouble write early to win natural.,8980e78d-0ac1-40c3-b73a-c7885ca5754c,2025-02-17 12:01:13.200413
4fc90047-ae1b-4a09-be5c-347f36d620d7,Dog resource forget part describe smile door.,0258aa08-c8a6-4102-80bc-25fea87a6101,2025-01-15 15:15:08.937781
01392dde-e88b-4d3a-9aaf-e7be0793f8da,Use similar leave simply piece itself.,50731cf2-5745-4fbc-a480-fe7113f1520c,2025-02-11 16:30:17.465274
47127705-a5bb-483e-97eb-7d18b1c4be7f,Even want local popular various.,fcb0a6e6-c97f-4d59-8f19-35e2668951c6,2025-04-03 03:08:20.854759
7c8a47cb-be69-4747-8cab-fc2299cd65c2,Rule figure build support after quite join course.,e178b7c2-0e5a-4b0e-a7ad-afc1badc91f8,2025-01-24 04:49:01.608449
ac676aa2-9389-471c-a8ec-2ea1814931ca,Matter with sign south tonight.,8980e78d-0ac1-40c3-b73a-c7885ca5754c,2025-03-16 15:08:49.010346
ba7f9b14-2c7a-459e-a882-0d0c2fd4678b,Determine water group throughout several.,e2cfd331-bcc4-4ba5-b0fb-40e4a7e3b317,2025-03-01 19:32:31.523930
8a984822-d087-455b-8d84-01b3661aae35,Garden right hair summer star.,896d89e7-8a09-4c65-8d39-993edc87361e,2025-03-20 07:32:20.709032
ff67d73a-671b-4f66-be24-ca69c23c1ce2,Everybody almost high.,8980e78d-0ac1-40c3-b73a-c7885ca5754c,2025-03-04 08:13:28.535445
13b56a26-49c6-4f9b-aad4-907a76cfeeb0,Citizen thank one sound send.,d2ec4243-2256-4597-80cf-125c4319d66f,2025-03-07 22:50:08.129958
1bf90940-cc3f-4013-a4e6-72c620c442be,Parent focus special possible few dark.,5fb8a0e4-0a58-48e7-818c-f83ae1c267d3,2025-03-09 01:53:50.185382
5ced8a42-9243-4c46-9d8d-fdb96f5028b2,Large opportunity evening.,896d89e7-8a09-4c65-8d39-993edc87361e,2025-02-21 17:25:49.908148
11c66c01-2fed-4d47-adfc-8bf2823d1eff,Guy follow will street tree.,e178b7c2-0e5a-4b0e-a7ad-afc1badc91f8,2025-02-14 04:33:54.442557
f851cd7d-6784-4dc7-82e5-2dabb0038faf,Floor manager race learn.,8980e78d-0ac1-40c3-b73a-c7885ca5754c,2025-01-10 18:32:03.859873
caa8fbfc-3ed3-4ba8-9de4-6e1bbc7e5f3c,Instead hour need sure stage truth another.,d2ec4243-2256-4597-80cf-125c4319d66f,2025-02-09 20:12:16.714412
b8781e7e-19ce-4c2f-ba5b-70408689eb38,Develop indeed or yet ball education little.,896d89e7-8a09-4c65-8d39-993edc87361e,2025-03-02 22:07:41.513726
2d16e589-0f19-49fb-898c-04a5839589b9,Identify somebody over process under.,e178b7c2-0e5a-4b0e-a7ad-afc1badc91f8,2025-04-10 05:59:20.918355
17a34efb-6a8c-4d15-a6f6-6f50a1ebcb18,Become military tree usually as there tonight truth.,66e19318-5480-405e-b259-077b6439681d,2025-03-28 06:15:43.277414
b54322de-cb1d-47ab-9e31-efabfdfa02b2,Eye page describe evidence else down door.,e178b7c2-0e5a-4b0e-a7ad-afc1badc91f8,2025-04-01 13:05:42.684564
355a80e6-54b0-4933-86da-a609445e86d5,Concern defense matter.,5fb8a0e4-0a58-48e7-818c-f83ae1c267d3,2025-04-01 11:46:19.468199
6f20d5bd-3839-4dbf-884c-b04b85561c7d,Personal affect high thus.,e2cfd331-bcc4-4ba5-b0fb-40e4a7e3b317,2025-03-04 11:00:52.508657
62092a44-6528-4637-975e-d7ce12951190,Change understand term arrive.,d2ec4243-2256-4597-80cf-125c4319d66f,2025-03-30 18:26:36.520052
153650cf-d17c-4eb8-9a8f-dd49a9b0472b,Other wish green organization wear choose.,28bb5788-c19a-45c1-9d48-ed101e54ddac,2025-02-24 16:48:32.798828
bc38164a-03d7-43ab-98c3-931f96bc44f2,Carry follow season continue face.,8621f3ca-b880-4ff6-90be-4f452da51eca,2025-03-12 23:38:07.692668
bba2fb7b-6e1d-4a0a-ad22-cdfba54482f9,Camera growth suggest around care.,e2cfd331-bcc4-4ba5-b0fb-40e4a7e3b317,2025-03-09 10:49:47.602151
8fc12bca-ccf4-4816-b13f-0c3bf4da582b,Write high sea line care war.,fda5e13d-0f99-472f-99af-8a901bfc45ac,2025-02-16 12:53:36.049443
0f366a86-19f4-4c09-a61f-42b692d49382,Idea this course much.,50731cf2-5745-4fbc-a480-fe7113f1520c,2025-03-19 22:08:02.486929
8da63dea-f1fe-4c8f-9103-a2dabc3d29f7,Art southern move yet which hope.,dcd0de93-5441-41f0-b7c2-601414e4d197,2025-02-01 18:18:09.709316
bec8878e-67f4-4807-a222-17133e270948,Off community gas.,1fd0ff14-1b8b-48f6-a40b-b9257057322b,2025-04-04 13:57:52.813221
535bec87-ac5f-4bc5-a674-1bc1f7fad4ca,Us kid century our.,5fb8a0e4-0a58-48e7-818c-f83ae1c267d3,2025-04-02 00:33:42.587910
bf07970b-7483-4246-a1ec-9390edad345d,Among two decide activity many conference us.,e2cfd331-bcc4-4ba5-b0fb-40e4a7e3b317,2025-02-25 08:13:58.762771
9c3e44f9-a90a-478e-bf84-660f77970c44,Above point usually carry Democrat hundred.,1fd0ff14-1b8b-48f6-a40b-b9257057322b,2025-01-10 03:12:30.980121
10a4a4ac-ad1e-462a-aaed-3c69434aa598,Often rate cover dinner.,50731cf2-5745-4fbc-a480-fe7113f1520c,2025-01-05 23:10:06.663555
867739ee-646d-4623-bb38-eb83fc6439c5,Someone north foreign from.,ef11ca3d-3647-441f-bfab-4c56acb061bd,2025-02-07 19:08:04.310242
d350a847-65e8-4ee6-8d40-8dc93d246df0,Note wear population water beyond officer.,fda5e13d-0f99-472f-99af-8a901bfc45ac,2025-01-10 03:11:53.790497
7f8e5d4d-7a36-47f8-87cd-e45c241ab650,Lawyer guy maybe carry help fire.,e2cfd331-bcc4-4ba5-b0fb-40e4a7e3b317,2025-02-19 02:45:45.746017
9fb9b067-b48a-4e88-846f-0f5451996313,Day feel society generation ball produce.,8980e78d-0ac1-40c3-b73a-c7885ca5754c,2025-03-30 15:22:37.755786
52444fdb-de6e-4d7c-a632-e8a3286ec434,Imagine later data yes.,09ffa5c3-e673-432e-99d3-1c8695ecedf1,2025-02-25 03:25:26.034972
242982c8-0dd9-4588-97f1-cb12bd2d05cc,Authority task usually find.,66e19318-5480-405e-b259-077b6439681d,2025-02-20 22:03:52.877604
dde4c436-a046-4f35-a9c1-d500584fb59f,Wonder human each next scene.,5fb8a0e4-0a58-48e7-818c-f83ae1c267d3,2025-01-20 00:33:31.552880
7f540c42-0ca4-41be-a9db-46d4b83caa96,Much hand research affect one billion knowledge half.,50731cf2-5745-4fbc-a480-fe7113f1520c,2025-03-06 19:14:47.274855
cce5368f-2d00-43ef-a08f-1910511cf60a,Letter later would cost food maybe marriage.,1fd0ff14-1b8b-48f6-a40b-b9257057322b,2025-01-02 17:10:55.504014
69e25a31-02f4-4936-8c64-b3a2c5aa4cd5,Very international fall improve.,ef11ca3d-3647-441f-bfab-4c56acb061bd,2025-01-12 16:15:46.516693
d5aa4a1d-1a9d-4eac-8ef3-c25008f891f4,Position woman behind laugh business model detail.,50731cf2-5745-4fbc-a480-fe7113f1520c,2025-02-19 12:14:02.694635
6749df22-19d2-41c7-89ed-5a30797c168e,When life computer wind show white note.,896d89e7-8a09-4c65-8d39-993edc87361e,2025-04-07 00:18:30.176589
922c3fd0-cf92-4d14-b7ad-4b94824adf52,Mind society note live his shake member.,8621f3ca-b880-4ff6-90be-4f452da51eca,2025-01-13 04:47:51.645338
6ce2dc3e-30e4-443d-ae92-759f60eb07a1,Understand like citizen keep.,8621f3ca-b880-4ff6-90be-4f452da51eca,2025-01-11 19:24:26.730514
1c4eddaa-e964-49d0-b557-22ca5c17abbd,Partner stay task approach dream news present.,5fb8a0e4-0a58-48e7-818c-f83ae1c267d3,2025-02-13 01:41:50.442203
58847265-47ef-4155-8fe9-817612367345,Adult cut meeting say road TV.,8621f3ca-b880-4ff6-90be-4f452da51eca,2025-04-21 00:47:19.658636
2606f82d-39f2-4dc4-9146-aed6b26c0d40,Open difficult method point general oil least front.,43a0434a-6c4a-4fc9-a8b8-ca5be09e01cc,2025-03-19 02:55:03.923931
5d0a0d9a-d8be-46e1-ab05-43dd29f81841,Would once store explain shake.,28bb5788-c19a-45c1-9d48-ed101e54ddac,2025-01-13 12:41:53.020602
a387d232-839e-4853-9efa-66495431a7a5,Choose eight interesting officer task perform show.,b7efcb0a-3847-4745-a9a5-a669bd21fd2a,2025-03-24 16:23:34.603119
4e81e1f8-096e-4b34-b393-578db3a11df4,Turn response along its bed.,e6644ba3-af8e-446b-9e24-162f6b05d824,2025-02-05 14:56:40.820673
b526c853-58fc-42c7-8d40-b56d3523ee9a,Many writer movie everyone north fall next start.,e178b7c2-0e5a-4b0e-a7ad-afc1badc91f8,2025-01-18 12:24:00.725619
ce8dfc3f-1c25-435b-aea0-d3f17f92af34,Voice small represent fill poor.,ef11ca3d-3647-441f-bfab-4c56acb061bd,2025-02-21 13:40:37.856773
19d6c0a7-def9-4ca6-8e9e-c85a56874f20,Poor consider statement.,50731cf2-5745-4fbc-a480-fe7113f1520c,2025-02-08 12:45:48.438080
1b339359-4057-4d0e-bf3d-84db8c3e812d,Low tell defense show ahead improve hour.,5fb8a0e4-0a58-48e7-818c-f83ae1c267d3,2025-02-08 22:38:21.735460
fdd19d8c-3c3c-4951-a261-9e3489c5c32f,Together kid eye represent receive option green.,e2cfd331-bcc4-4ba5-b0fb-40e4a7e3b317,2025-01-10 17:11:39.786459
5ff80f47-38b0-41ce-9381-077ba7dd6fd0,Lead out front view get.,28bb5788-c19a-45c1-9d48-ed101e54ddac,2025-03-21 17:55:16.138460
ccac3e00-fc30-423c-a926-b38536bce6f1,Policy special toward line table.,fda5e13d-0f99-472f-99af-8a901bfc45ac,2025-01-21 07:00:22.858951
abfa9b81-7a81-4530-b4a2-3b3bc5fc3bf4,Help power responsibility significant training hold traditional.,28bb5788-c19a-45c1-9d48-ed101e54ddac,2025-03-05 06:21:37.263311
ebf3938e-9643-4055-9220-8623d91ab9ae,Audience when sport answer.,e6644ba3-af8e-446b-9e24-162f6b05d824,2025-03-13 00:04:16.425729
0939c85c-430d-42ce-9aef-e37700a2eb0b,Performance relationship gas too let garden success shake.,ef11ca3d-3647-441f-bfab-4c56acb061bd,2025-02-10 19:52:21.784813
e0991f70-5034-4526-b785-d5fa4a83537b,Some fund rich once order cup.,8980e78d-0ac1-40c3-b73a-c7885ca5754c,2025-02-26 20:14:56.105817
712971b1-fc6b-4a40-acac-bfa452a618d3,By might majority include.,e2cfd331-bcc4-4ba5-b0fb-40e4a7e3b317,2025-02-10 20:38:48.802968
678b3ada-947e-4fef-9225-efad1ec4c9e2,Ground east store real far across management.,0258aa08-c8a6-4102-80bc-25fea87a6101,2025-02-24 16:36:39.577344
49344318-4355-49e0-bc62-8baba5090ea1,Republican alone sound call soon recent including.,09ffa5c3-e673-432e-99d3-1c8695ecedf1,2025-02-19 09:10:12.691917
e84f9751-4d4e-42d7-a48b-1466f4a70b08,Watch play early large something human specific.,fcb0a6e6-c97f-4d59-8f19-35e2668951c6,2025-03-07 04:30:36.413638
e34dcbe3-c0a5-4de0-97aa-4beaff49c23c,Chance fast dog reflect paper.,5fb8a0e4-0a58-48e7-818c-f83ae1c267d3,2025-02-21 15:28:24.595166
0141c482-a0bd-4797-8946-1c6521258bff,Break TV purpose.,1fd0ff14-1b8b-48f6-a40b-b9257057322b,2025-03-11 13:00:27.535416
f0061cf9-1aea-4eb6-b6be-a0772d197a5b,More blood student knowledge.,1fd0ff14-1b8b-48f6-a40b-b9257057322b,2025-01-27 08:49:51.566545
544a6acd-cab1-4d10-b94a-1ca525bd98c4,Than idea use choose reality the capital.,5fb8a0e4-0a58-48e7-818c-f83ae1c267d3,2025-02-11 19:37:46.798753
c691ecaa-4de3-4a09-b8ac-8639e853ec33,Understand exactly sign protect to someone.,e6644ba3-af8e-446b-9e24-162f6b05d824,2025-04-17 11:44:42.888758
a24fd0fb-5589-4702-9bdd-5f5222738653,Cold conference could option our.,b7efcb0a-3847-4745-a9a5-a669bd21fd2a,2025-01-11 12:28:47.556949
a28b935c-2230-401d-b1e8-d6bc21ed10f1,Development forget cell paper.,896d89e7-8a09-4c65-8d39-993edc87361e,2025-03-26 10:42:21.961028
2b083600-2998-4905-9b64-60ca4777c979,Lay cost will much understand any build.,e178b7c2-0e5a-4b0e-a7ad-afc1badc91f8,2025-02-23 08:52:57.643436
fe1e5158-a58d-4cb5-ad52-a38446cad863,Develop big know ground indeed house book.,5fb8a0e4-0a58-48e7-818c-f83ae1c267d3,2025-03-08 15:46:38.481380
51ef1768-26c0-4f4f-9dd8-0ffbc572475d,Free behavior would mind star.,ef11ca3d-3647-441f-bfab-4c56acb061bd,2025-01-20 22:05:27.804298
2af95500-edf2-42be-bb6d-188f46486250,Side agree election case up service case.,8980e78d-0ac1-40c3-b73a-c7885ca5754c,2025-03-22 19:42:49.364641
bcd5132d-db3b-4d5d-b339-abbeb2944c54,Institution else event attention often.,8621f3ca-b880-4ff6-90be-4f452da51eca,2025-01-26 18:04:36.097961
a94df843-fd0c-4690-8b7f-b43970a2a61d,Clearly the hand understand partner catch game strategy.,e178b7c2-0e5a-4b0e-a7ad-afc1badc91f8,2025-01-09 06:39:40.103818
6ee77124-38be-4705-9270-73800a96059f,Open turn pattern everyone.,66e19318-5480-405e-b259-077b6439681d,2025-01-03 05:19:36.353087
d69407ff-b7d9-4233-88fd-ae52c1462b95,Special care baby family.,1fd0ff14-1b8b-48f6-a40b-b9257057322b,2025-04-08 01:14:25.588773
23be7e94-bebd-4f41-8e8e-267972584f22,Benefit part process guy baby involve newspaper.,0258aa08-c8a6-4102-80bc-25fea87a6101,2025-02-10 02:19:17.733322
23e6c02a-69d9-46b6-9796-6ea728222cda,Account risk account.,1fd0ff14-1b8b-48f6-a40b-b9257057322b,2025-01-20 16:38:15.149271
e85cd9d8-95a7-4701-b3f8-ee0616826fd4,Man today dinner authority bag star.,8980e78d-0ac1-40c3-b73a-c7885ca5754c,2025-01-01 13:47:03.940643
9ef7e8b6-8251-4ec2-87f8-7446f2baf2d5,War current player on perform information start.,8980e78d-0ac1-40c3-b73a-c7885ca5754c,2025-03-12 14:28:38.355342
85f90399-3bb4-4cda-b1be-b5c20e0e60b7,Remember hand born person.,28bb5788-c19a-45c1-9d48-ed101e54ddac,2025-04-01 10:07:18.559530
922d9e18-6370-4bee-aca5-a6ed36590de7,Left understand bit item page chance half.,dcd0de93-5441-41f0-b7c2-601414e4d197,2025-02-02 17:18:21.038120
22b5e355-7182-40d3-84ce-dd36b03446d5,Tend high investment computer information value.,8980e78d-0ac1-40c3-b73a-c7885ca5754c,2025-01-16 10:26:39.107002
8533fd03-770e-40d0-8ee0-c15f40a78ab4,Send read leader blood action.,43a0434a-6c4a-4fc9-a8b8-ca5be09e01cc,2025-02-10 18:24:39.816106
dd74572b-64a2-4d4a-af97-6793c8892df9,Nature dog save pretty already.,28bb5788-c19a-45c1-9d48-ed101e54ddac,2025-01-30 14:14:27.136655
f7d57ddc-852f-4ebd-b63d-08132c81a8c5,Program indeed let like base.,e178b7c2-0e5a-4b0e-a7ad-afc1badc91f8,2025-01-29 18:37:27.926907
b1894647-abd2-4d19-beb1-a20735b4daa1,Wind family worker action gas.,d2ec4243-2256-4597-80cf-125c4319d66f,2025-03-14 10:32:24.261867
feaaecc1-12c9-4649-8fbe-495fc51b7e35,Happen if second into easy.,8621f3ca-b880-4ff6-90be-4f452da51eca,2025-03-05 19:36:04.048636
94d95844-79e5-468a-855e-f77f12c23683,Response traditional important radio glass usually among require.,e2cfd331-bcc4-4ba5-b0fb-40e4a7e3b317,2025-02-03 20:55:55.122820
a76baf84-c086-463e-b3b3-dd9f5d2b600b,Plan provide pay particular first.,ef11ca3d-3647-441f-bfab-4c56acb061bd,2025-04-16 05:23:16.887625
e3fc5a73-beb0-4956-b106-55f2304471aa,Beyond almost artist discover well together show.,1fd0ff14-1b8b-48f6-a40b-b9257057322b,2025-01-27 16:40:35.574471
384d375a-ad3f-4f26-bed3-431e9a10c54e,Simply old TV wide court.,fcb0a6e6-c97f-4d59-8f19-35e2668951c6,2025-03-13 11:01:40.313633
6b529f1f-1dca-4336-91db-39d214114339,Difficult head member five blue front.,b7efcb0a-3847-4745-a9a5-a669bd21fd2a,2025-01-05 08:28:52.001103
af4f52e3-b889-4bb2-82bc-c44dcd9bbd19,My outside market describe season now.,e6644ba3-af8e-446b-9e24-162f6b05d824,2025-02-09 22:06:07.365662
476c691c-7547-40b0-8362-ef6ec0bb8f54,Candidate find himself maybe.,d2ec4243-2256-4597-80cf-125c4319d66f,2025-03-09 03:06:43.613280
25c85829-a195-47b3-85ef-e434d1013463,Ten provide serious opportunity fact onto.,fcb0a6e6-c97f-4d59-8f19-35e2668951c6,2025-04-19 20:58:57.112248
368a00f5-be61-4ee8-a248-35a5588f146d,Heart suggest safe wide author clear similar.,0258aa08-c8a6-4102-80bc-25fea87a6101,2025-01-21 10:40:17.713656
28e36b38-336a-4633-8c8c-36d81270a425,Know him yard decade well reality control.,66e19318-5480-405e-b259-077b6439681d,2025-01-19 02:53:57.837595
f449c939-b13a-4ab8-8460-74ddc9ffb4a2,Person leader specific traditional sea.,fda5e13d-0f99-472f-99af-8a901bfc45ac,2025-03-28 17:50:53.754916
3a7738bb-0ee6-42ee-8967-8d8f792dc78e,Professional take return many too article.,e2cfd331-bcc4-4ba5-b0fb-40e4a7e3b317,2025-03-01 01:29:16.553738
1ec3216a-b509-492c-8bb2-55889c0e04d9,Season involve keep capital economy happen him.,0258aa08-c8a6-4102-80bc-25fea87a6101,2025-03-04 20:38:53.986224
7e797c83-796e-44ab-ac60-6dc9c764d378,Social through public husband lose mother read.,8980e78d-0ac1-40c3-b73a-c7885ca5754c,2025-01-14 06:49:49.597643
92f05157-58f2-471c-8637-df08183d86ce,Eat several our mind direction black.,896d89e7-8a09-4c65-8d39-993edc87361e,2025-01-22 17:27:48.677555
ce447770-f851-41c1-82e9-aa967f99df63,Near southern present sure success identify.,1fd0ff14-1b8b-48f6-a40b-b9257057322b,2025-04-09 14:48:47.171984
49745b41-d37c-4f7e-ac04-a7dbf4b3a387,Nation born not also full.,fda5e13d-0f99-472f-99af-8a901bfc45ac,2025-02-05 01:20:55.313536
e82aaab0-827f-4cdc-871b-3379af65bc20,Than least relate school rich.,8621f3ca-b880-4ff6-90be-4f452da51eca,2025-02-19 15:49:22.817320
8a27c810-f3ef-4d2c-957a-29c352a60606,Music pressure role training cultural fill tell.,ef11ca3d-3647-441f-bfab-4c56acb061bd,2025-01-13 21:10:56.535228
140cef91-41eb-4b51-bb5d-6d0e5499a907,Else forward meet indicate husband almost blood.,dcd0de93-5441-41f0-b7c2-601414e4d197,2025-02-21 06:24:38.573873
cb33c39a-71ac-480a-93c4-e41b181f198b,Across kitchen hold nature offer management.,1fd0ff14-1b8b-48f6-a40b-b9257057322b,2025-01-02 16:06:10.321249
d707dd4c-fe33-47db-ac6a-9e73509971c4,Idea who drive floor draw fly.,e2cfd331-bcc4-4ba5-b0fb-40e4a7e3b317,2025-01-22 12:07:03.227134
0437476a-bbc6-45de-86dc-dd70ad84d53f,Real culture not beyond whole.,09ffa5c3-e673-432e-99d3-1c8695ecedf1,2025-02-11 06:51:39.420550
abc3880d-012f-4194-90d8-9197d039fbe0,Technology hot yet feel spring certainly hair audience.,8980e78d-0ac1-40c3-b73a-c7885ca5754c,2025-01-01 06:24:46.832212
c5df55c3-da33-4ac9-8bda-b8c0cc9e10bb,Discuss talk fear improve.,1fd0ff14-1b8b-48f6-a40b-b9257057322b,2025-01-21 14:09:20.057659
c68ad6fe-b8df-412c-9896-e76eab15c4e0,Should truth short guy drop name.,0258aa08-c8a6-4102-80bc-25fea87a6101,2025-01-10 23:24:19.080735
553ae3e4-4093-4862-bbcc-36ee9c070523,Analysis school fill environment trouble.,896d89e7-8a09-4c65-8d39-993edc87361e,2025-03-04 00:38:51.556521
5f06f14e-306c-4e09-b3e0-e13e053968cf,Never garden lose.,e6644ba3-af8e-446b-9e24-162f6b05d824,2025-04-19 10:18:36.081411
9818e4f7-43aa-4a12-8bc8-3dc5869e491b,Plant officer fine although system.,e6644ba3-af8e-446b-9e24-162f6b05d824,2025-01-20 17:09:52.552206
51a592ad-fea4-49d7-84a9-032584b33d98,Hot deal education cell few key.,e6644ba3-af8e-446b-9e24-162f6b05d824,2025-02-22 20:14:46.758562
0ad4e070-b195-4205-bb45-e45721d7cfb3,Spring ever law east.,8621f3ca-b880-4ff6-90be-4f452da51eca,2025-02-04 21:44:53.133682
4980ae28-7d00-4790-97b3-ed864f57db27,Next image challenge glass result middle central computer.,dcd0de93-5441-41f0-b7c2-601414e4d197,2025-01-19 05:19:04.837472
e28bdd41-e27c-41c3-933b-9f92b05cf3ff,People church character where point.,fcb0a6e6-c97f-4d59-8f19-35e2668951c6,2025-02-26 08:32:31.599094
e353f5b2-01dc-4973-8e51-265d924642d1,Share over job that thank which.,dcd0de93-5441-41f0-b7c2-601414e4d197,2025-03-20 00:36:51.521100
22b383a0-7354-423d-a94d-32d07304c4ef,None study paper pick.,1fd0ff14-1b8b-48f6-a40b-b9257057322b,2025-02-01 17:57:56.182261
0fe50cf7-efcd-4b2f-8648-c27fc2aefe58,Interview couple skin week present course position subject.,ef11ca3d-3647-441f-bfab-4c56acb061bd,2025-02-11 03:54:24.139103
bf7bfa7f-e10d-48bb-896c-48b8deaf5120,Interest decide various blood great full.,896d89e7-8a09-4c65-8d39-993edc87361e,2025-02-03 11:24:06.066903
380376e4-14ed-40df-9eb3-e197e5fba3ba,Every race official rather.,28bb5788-c19a-45c1-9d48-ed101e54ddac,2025-03-11 13:31:38.975754
617f6f49-de8b-4d3f-b50a-60ef535fd9f5,Serious experience reflect worker stock fall far.,50731cf2-5745-4fbc-a480-fe7113f1520c,2025-03-28 17:08:12.457414
21a33c8c-b67a-44eb-a7af-b9b55b65782d,Fear employee wrong she specific deal prepare.,50731cf2-5745-4fbc-a480-fe7113f1520c,2025-01-16 17:53:26.977873
2302673b-524c-4e54-91bf-847005849c64,Hard meeting almost cup teacher.,66e19318-5480-405e-b259-077b6439681d,2025-02-20 05:56:04.826371
649e7af6-bb0c-4d04-a0b5-560cc261b0a4,Ten Democrat student person give man.,8621f3ca-b880-4ff6-90be-4f452da51eca,2025-02-23 02:17:23.035553
513f4a03-9a4a-4a22-b939-3e082d581fe6,All lot much always story role various.,ef11ca3d-3647-441f-bfab-4c56acb061bd,2025-01-15 20:27:31.386646
f6b2e31d-567e-4e79-98f1-91fb11ae0ac9,Sister any a science performance campaign cultural.,ef11ca3d-3647-441f-bfab-4c56acb061bd,2025-03-06 09:14:36.467177
6be65bf5-2d5f-4fe0-aa3e-32654e78913f,Place major performance treat.,e2cfd331-bcc4-4ba5-b0fb-40e4a7e3b317,2025-03-27 14:39:34.307317
de083c8b-7a8a-4b64-8f34-28fc2eb381f5,Dog use role help here cup.,66e19318-5480-405e-b259-077b6439681d,2025-01-27 02:49:26.922055
cfb61326-91cd-4067-be1c-2d3945af0a35,Poor say although but need close but.,5fb8a0e4-0a58-48e7-818c-f83ae1c267d3,2025-02-21 17:33:30.446675
194a8481-ae8f-4072-af00-aacefa02c08c,Oil hundred similar outside year performance response operation.,28bb5788-c19a-45c1-9d48-ed101e54ddac,2025-04-01 20:56:09.054775
32c44886-88bd-4712-afb3-17a33e9a85bf,Middle still Mrs.,dcd0de93-5441-41f0-b7c2-601414e4d197,2025-04-04 18:02:34.402837
7253603c-c652-499b-9c5f-fcf632da3cd5,Yeah again least capital unit success.,8980e78d-0ac1-40c3-b73a-c7885ca5754c,2025-02-09 17:04:10.990246
80b4f0f2-bb42-488a-8327-916b8cca8a7c,Specific through half learn.,fcb0a6e6-c97f-4d59-8f19-35e2668951c6,2025-02-07 03:37:13.280931
92ae33fd-cc78-4e68-a6e6-cbd75a2e8e8c,Four stay black task concern.,43a0434a-6c4a-4fc9-a8b8-ca5be09e01cc,2025-02-18 19:08:34.280869
3e891f87-3d18-4d36-b9af-1ec7a0802715,Kid character town law project.,1fd0ff14-1b8b-48f6-a40b-b9257057322b,2025-01-27 07:17:33.737453
cf2b6174-5705-48d6-abfc-8905f4b4a998,May section city less economic.,e6644ba3-af8e-446b-9e24-162f6b05d824,2025-01-02 12:13:55.075135
aac2d583-2d3f-4d47-a469-46c83cfca2da,Someone responsibility sell white pattern person.,896d89e7-8a09-4c65-8d39-993edc87361e,2025-03-24 05:03:59.379328
526ea782-f956-4cf0-ae2d-bf4ebd155c8c,Language let effect cultural maintain report series.,09ffa5c3-e673-432e-99d3-1c8695ecedf1,2025-03-24 13:36:23.503357
abf860f9-5646-4cee-9895-3381689a8bb0,Spend condition adult participant thing.,b7efcb0a-3847-4745-a9a5-a669bd21fd2a,2025-02-11 16:52:58.008774
36728658-11d2-428b-8ecd-d286c2a9ba20,My fine east might point lawyer put.,1fd0ff14-1b8b-48f6-a40b-b9257057322b,2025-01-07 05:27:10.723120
ceb96ef4-a579-4a78-b614-10e1a174178d,Table across song dream also us view.,1fd0ff14-1b8b-48f6-a40b-b9257057322b,2025-01-31 10:51:13.541177
42db704d-e43d-4eb0-b35b-97e726f28f49,Husband reflect continue.,8621f3ca-b880-4ff6-90be-4f452da51eca,2025-03-14 09:43:54.645827
4461bbc4-697c-4982-bf2d-e4815dab88ee,Beyond amount ago will do.,09ffa5c3-e673-432e-99d3-1c8695ecedf1,2025-03-26 05:01:18.339265
9c2a9357-d568-4aba-a1ce-965ffb4a5a34,Certainly need beyond defense good wall.,fda5e13d-0f99-472f-99af-8a901bfc45ac,2025-04-22 01:23:25.722021
3dbaf7f3-11cc-4ae9-b84e-c746343dd1c3,Chance myself available course along difficult indicate.,b7efcb0a-3847-4745-a9a5-a669bd21fd2a,2025-04-24 00:56:22.761146
aa739940-ba03-44e1-b527-6e5a55bae795,Performance before house hot.,66e19318-5480-405e-b259-077b6439681d,2025-03-03 22:38:07.663776
fa7ab8ce-9bf6-43e9-b190-b914249e5fbd,Executive through serve say pay such hand.,1fd0ff14-1b8b-48f6-a40b-b9257057322b,2025-04-21 18:03:17.534104
2ec854a5-762f-415d-b050-8c48c36d1c42,Majority region act adult exist head.,e6644ba3-af8e-446b-9e24-162f6b05d824,2025-04-18 22:01:19.562824
f490a49e-877c-4501-9528-e3a76c199803,Produce page discussion hard bill second.,50731cf2-5745-4fbc-a480-fe7113f1520c,2025-04-23 09:37:19.427025
fd4be47f-5463-4304-b7ec-0bff6f9b15b1,Pick know though certainly many federal.,8980e78d-0ac1-40c3-b73a-c7885ca5754c,2025-01-07 09:09:20.879598
015cb7bb-a55c-4398-8dab-d9693d40999e,Southern difficult attack first.,43a0434a-6c4a-4fc9-a8b8-ca5be09e01cc,2025-02-24 15:38:09.441734
d423e632-ba47-4c60-ab16-098baf6a496a,Condition even long continue provide.,e178b7c2-0e5a-4b0e-a7ad-afc1badc91f8,2025-03-31 06:57:29.749322
37e509b6-8bca-4d05-8512-06e4d55e9e52,Method expect paper enter time late tough.,8621f3ca-b880-4ff6-90be-4f452da51eca,2025-01-18 11:34:11.788366
af8a0bff-f2f5-46c6-98c9-bfa93e9b5b6e,The read build almost suffer coach less.,09ffa5c3-e673-432e-99d3-1c8695ecedf1,2025-03-10 12:33:35.720107
f60d29e9-2543-48d1-a0e8-539494d6de83,Deep expect owner top along.,e2cfd331-bcc4-4ba5-b0fb-40e4a7e3b317,2025-01-03 14:37:53.086613
734c83f4-ce61-4242-908a-7702a4c48d6e,Several series return about reach record.,fda5e13d-0f99-472f-99af-8a901bfc45ac,2025-03-26 07:25:22.712804
f9b8795c-add9-43ff-99bd-ad931a2c1e2f,Record admit home bring.,8621f3ca-b880-4ff6-90be-4f452da51eca,2025-01-12 05:09:17.434515
bc23e0e2-a1e0-40cb-9237-a1fd0bf2c04c,Again section head.,e2cfd331-bcc4-4ba5-b0fb-40e4a7e3b317,2025-02-26 17:52:26.508330
bc084990-211e-4261-89c3-3fceb0bd31af,Still exist can season stage.,fcb0a6e6-c97f-4d59-8f19-35e2668951c6,2025-02-11 04:01:33.995811
628eac9e-6ef7-49f3-96db-3c3803a70b60,Worry admit green bed religious.,dcd0de93-5441-41f0-b7c2-601414e4d197,2025-02-25 10:28:02.186548
b618073a-7103-4c87-953c-c9e01dc46018,Will although standard everyone tree least interview.,ef11ca3d-3647-441f-bfab-4c56acb061bd,2025-04-15 12:55:50.344559
4dfa76d6-42cb-4da5-8069-19812ddaea98,Price series from worker glass example source.,896d89e7-8a09-4c65-8d39-993edc87361e,2025-04-13 15:03:15.253792
7ede73c0-8724-4d79-b249-ddc19eb45a03,Good its resource prepare a arm someone.,d2ec4243-2256-4597-80cf-125c4319d66f,2025-01-11 12:20:23.214523
dd525be3-5d68-43e6-bfec-34248cc87cce,Stock nation candidate security say place.,8980e78d-0ac1-40c3-b73a-c7885ca5754c,2025-04-07 16:17:01.653773
e44bb74b-a96e-4617-8b70-958d892b5f32,Cup trouble different tough.,e6644ba3-af8e-446b-9e24-162f6b05d824,2025-01-20 06:52:03.108474
576652ef-e02b-435f-8150-1a0e01be9aee,Dark eye own star behind.,ef11ca3d-3647-441f-bfab-4c56acb061bd,2025-04-06 06:53:43.665592
1a559c35-a414-4815-9360-26ecc709641f,Remain site young eye.,8980e78d-0ac1-40c3-b73a-c7885ca5754c,2025-02-19 19:31:38.326822
d861b8f2-252e-423d-85c5-86d96002bae7,Now material get citizen within dinner official.,fda5e13d-0f99-472f-99af-8a901bfc45ac,2025-02-17 01:25:08.369442
4ca08907-5155-4890-9948-b8bacef088a9,Information star environment hit give.,e178b7c2-0e5a-4b0e-a7ad-afc1badc91f8,2025-02-20 12:05:39.898438
6dcfda1f-5771-4cd2-b45a-5968071304a9,Himself another challenge cultural individual cell.,d2ec4243-2256-4597-80cf-125c4319d66f,2025-02-24 11:41:56.232580
67a5da20-c501-4844-b179-d8448535885b,Possible mind sea arm.,43a0434a-6c4a-4fc9-a8b8-ca5be09e01cc,2025-01-10 22:08:08.770069
c01a726a-ff4b-4305-b6e4-cc25a35d0ec3,Minute adult human number eye.,dcd0de93-5441-41f0-b7c2-601414e4d197,2025-02-26 04:59:01.554080
51442981-a8b2-4943-9868-034b48824589,Score article like short cell hit clear tell.,fda5e13d-0f99-472f-99af-8a901bfc45ac,2025-02-17 20:19:46.153662
6b193d98-8f5c-4738-863f-0456c36aa127,Still region often dark.,896d89e7-8a09-4c65-8d39-993edc87361e,2025-01-25 00:21:42.402900
6e55ff7a-6991-4ec2-9555-b761edb49482,Group series yeah player.,e2cfd331-bcc4-4ba5-b0fb-40e4a7e3b317,2025-04-15 14:02:43.927578
25d922c8-2fbf-452f-825a-f8a4b2205458,Building family experience state significant movement again seek.,5fb8a0e4-0a58-48e7-818c-f83ae1c267d3,2025-03-29 05:53:16.030459
26e99f9d-7efe-43ed-8590-8065664d5b64,Too air eat clearly model management run tree.,dcd0de93-5441-41f0-b7c2-601414e4d197,2025-03-09 05:30:43.192427
4e016995-b9bb-451f-9124-31988747ff28,Hospital than look study notice development.,e2cfd331-bcc4-4ba5-b0fb-40e4a7e3b317,2025-01-25 19:55:21.773726
38a30738-1e39-4685-be55-d6a100ea1cad,Team arrive several education half.,d2ec4243-2256-4597-80cf-125c4319d66f,2025-02-04 18:18:53.751890
ebc92a34-98ad-42b0-88e1-725406df811f,Certain value late clearly traditional family.,1fd0ff14-1b8b-48f6-a40b-b9257057322b,2025-04-09 06:24:49.457556
3c518397-8b88-404f-b725-a8886438112d,During forget top baby whom manager last.,43a0434a-6c4a-4fc9-a8b8-ca5be09e01cc,2025-01-16 04:00:11.785045
66417bc1-4018-4e94-965d-555e21c220c7,Board news view hear everybody old approach.,50731cf2-5745-4fbc-a480-fe7113f1520c,2025-03-22 17:06:13.327455
cd6c7cb3-cdba-41f9-b3b3-8b02238402df,Spend bar last loss training citizen hair.,e178b7c2-0e5a-4b0e-a7ad-afc1badc91f8,2025-03-10 16:48:45.846043
f628c146-27ef-46f3-a5ac-e8c418ef031c,Plan fish result throw price instead admit.,dcd0de93-5441-41f0-b7c2-601414e4d197,2025-03-20 05:30:13.373028
70d2fab4-bc9c-4c16-895d-b464d22e4c30,Possible never open thank especially bag.,e178b7c2-0e5a-4b0e-a7ad-afc1badc91f8,2025-02-18 00:14:43.595846
7b0e7ebb-ec08-403a-962e-e4e8cdd84b6b,Government billion read miss agree be.,dcd0de93-5441-41f0-b7c2-601414e4d197,2025-04-23 02:20:39.838079
f38cee80-646f-4f42-a80d-369687107064,Throw late level risk understand.,ef11ca3d-3647-441f-bfab-4c56acb061bd,2025-04-19 23:12:13.171225
14200fd9-f16e-45ae-9b9a-49187fc95b2e,Pay almost program later.,8980e78d-0ac1-40c3-b73a-c7885ca5754c,2025-01-10 11:12:29.418391
ea4f19e3-9324-4a21-b087-1ce911d6d4b3,Method put seem computer themselves house.,e178b7c2-0e5a-4b0e-a7ad-afc1badc91f8,2025-04-22 04:49:22.438887
8a1fbf1a-2237-427c-b032-f7bd86291d51,Never treatment box father including tough.,1fd0ff14-1b8b-48f6-a40b-b9257057322b,2025-02-07 09:10:21.986149
091baaa7-cd47-461f-b9dc-e22197de8e37,Necessary later view conference street.,8980e78d-0ac1-40c3-b73a-c7885ca5754c,2025-01-08 01:56:06.985510
bcaab174-8ed1-4b77-a952-3f06cdcaf201,Story stay single animal night realize.,dcd0de93-5441-41f0-b7c2-601414e4d197,2025-04-11 16:19:08.972893
2a37e641-67de-4683-9eaf-b16cb24a57f7,Rule never program event sort.,1fd0ff14-1b8b-48f6-a40b-b9257057322b,2025-04-21 15:07:30.964031
b790fd27-1d1d-42f9-b940-f13c21e2746b,Wish down too of seek class investment.,fcb0a6e6-c97f-4d59-8f19-35e2668951c6,2025-01-30 15:51:07.449880
204e1854-55df-4d8d-9117-6d72c0356b33,Interest light maintain design threat policy answer.,50731cf2-5745-4fbc-a480-fe7113f1520c,2025-01-07 15:14:34.115259
34585b74-b3d9-4990-be6f-8ba41592970d,Five yes election card.,66e19318-5480-405e-b259-077b6439681d,2025-03-25 06:56:51.964373
b15af547-a41b-4db0-ae41-dd4863652c44,House eat back easy ever they off.,fda5e13d-0f99-472f-99af-8a901bfc45ac,2025-04-13 14:08:26.667748
9157188b-17fa-4c66-a950-6feadafce3c0,Within agree study eat Republican the.,e2cfd331-bcc4-4ba5-b0fb-40e4a7e3b317,2025-01-07 00:15:12.090561
2ff7e2a9-0bb7-48f7-b75a-ce17bffdadcc,Suggest run protect.,e6644ba3-af8e-446b-9e24-162f6b05d824,2025-04-15 02:16:25.564117
97a6c4af-8e91-4c1f-83e1-cd105edefa27,Commercial friend push step central prove agency.,fcb0a6e6-c97f-4d59-8f19-35e2668951c6,2025-02-21 07:54:32.467605
0dd8b344-c5f0-4e6e-a52c-5c5b5fd62a21,Research inside summer wide.,dcd0de93-5441-41f0-b7c2-601414e4d197,2025-03-02 18:53:57.751924
170dfbc4-99a1-4f44-9c41-1d30d72a091f,Teacher know when already home eight nothing.,66e19318-5480-405e-b259-077b6439681d,2025-01-26 10:51:17.217632
e51de2ae-4565-4777-ae29-49b5982c6dea,Rate major reason own into by spend.,50731cf2-5745-4fbc-a480-fe7113f1520c,2025-04-22 16:24:17.907033
05d5ce90-a912-4612-8d7a-2691a2eea019,Work long expect score every draw.,fda5e13d-0f99-472f-99af-8a901bfc45ac,2025-01-20 19:12:28.566766
44d2b23b-06f9-461d-bd4c-ff80765f38f4,Force personal several also.,b7efcb0a-3847-4745-a9a5-a669bd21fd2a,2025-01-25 19:05:48.519241
38900670-c204-4efd-a9b7-dd35719fe8b4,Act season set.,b7efcb0a-3847-4745-a9a5-a669bd21fd2a,2025-01-07 06:10:20.866820
c958b60d-7800-4e52-827b-1e5a29ab5d0d,Good manager career bad.,ef11ca3d-3647-441f-bfab-4c56acb061bd,2025-01-28 00:15:44.124128
a4f12029-2503-45f4-966d-5e130a588203,Suffer debate heavy begin east rule.,e6644ba3-af8e-446b-9e24-162f6b05d824,2025-04-16 17:23:51.943115
7e5b722f-35ad-4b23-babf-aac3bcd0e345,Test concern phone effort when.,e2cfd331-bcc4-4ba5-b0fb-40e4a7e3b317,2025-03-26 09:54:18.240689
7824ed03-9536-4cc1-a41d-a6f052fe26b9,Air until box church.,fcb0a6e6-c97f-4d59-8f19-35e2668951c6,2025-04-18 15:48:13.286738
2df9a963-f84f-441d-8ab9-4078ad09cbe4,Down outside yourself television field.,28bb5788-c19a-45c1-9d48-ed101e54ddac,2025-04-19 03:09:09.149407
8376befc-dd0b-44a0-b9db-bfd0ce0ca324,Necessary use consumer enter program national project alone.,1fd0ff14-1b8b-48f6-a40b-b9257057322b,2025-02-17 01:00:41.997515
e1f73b36-ae08-4a47-b504-b3819f3253a0,Large table open.,43a0434a-6c4a-4fc9-a8b8-ca5be09e01cc,2025-02-03 06:42:10.912546
e9b9a709-f57c-4c7f-9e39-6491e7d62500,Side large street.,e6644ba3-af8e-446b-9e24-162f6b05d824,2025-04-07 08:12:44.672828
9b95a45b-5caf-4e3b-9795-dd457b4cc140,Happy like western when with strong.,5fb8a0e4-0a58-48e7-818c-f83ae1c267d3,2025-01-17 06:10:17.966004
7efca5ce-4114-4169-82ca-7ae9f3ec2966,Work image effort.,28bb5788-c19a-45c1-9d48-ed101e54ddac,2025-03-24 14:47:42.183476
361e6f40-973f-4f1a-8227-e38ee85d2017,Office knowledge must whom town data.,43a0434a-6c4a-4fc9-a8b8-ca5be09e01cc,2025-02-25 13:36:51.210394
e9a2191f-69af-453d-a916-c7f703348f28,Add activity school ground air sign could.,09ffa5c3-e673-432e-99d3-1c8695ecedf1,2025-03-26 20:59:59.657008
ef6deb1e-13de-4d52-b7c1-1f7c6e006a46,Decide once as fine consumer show computer.,b7efcb0a-3847-4745-a9a5-a669bd21fd2a,2025-03-28 14:58:47.810437
54d6988e-9b7b-443f-824a-8deea67176ed,Meeting thank these sense remain per.,e2cfd331-bcc4-4ba5-b0fb-40e4a7e3b317,2025-04-06 19:28:33.347519
c691d9e1-e12a-4ee0-bf35-0fde71748c1b,Reach agency approach fact as.,896d89e7-8a09-4c65-8d39-993edc87361e,2025-02-13 18:11:24.757553
ecc7a3cd-4bd5-4b07-83a6-350c46aaa5d6,Prevent include kind visit modern.,0258aa08-c8a6-4102-80bc-25fea87a6101,2025-02-21 13:27:48.995016
416d9664-d7bd-4f6a-b93c-24e641a8d352,Low PM send interview away.,e178b7c2-0e5a-4b0e-a7ad-afc1badc91f8,2025-03-22 07:57:52.122763
ab11aa6f-1410-4bd6-98e4-fe3900a2f1db,Into situation move small concern.,66e19318-5480-405e-b259-077b6439681d,2025-04-23 23:22:28.780866
cef87a43-d0ce-4f47-8251-21dce759a445,Role through food foot test card.,e2cfd331-bcc4-4ba5-b0fb-40e4a7e3b317,2025-04-16 00:57:34.830025
f64c8efb-baee-4131-81e7-392bbd401277,Phone dream Republican school who.,d2ec4243-2256-4597-80cf-125c4319d66f,2025-01-27 21:09:25.000699
5cf60c85-67ec-4f01-967c-8375c8cab2b5,Side system talk opportunity Democrat trade else.,ef11ca3d-3647-441f-bfab-4c56acb061bd,2025-04-13 16:11:03.732762
eeee043d-000d-4e6f-acbe-1c2dca8342af,Push scene network chance social.,09ffa5c3-e673-432e-99d3-1c8695ecedf1,2025-01-26 02:25:58.830357
8c7af74e-9f0b-4bca-8353-d00acf4959d7,Collection loss strategy four sometimes language.,09ffa5c3-e673-432e-99d3-1c8695ecedf1,2025-04-14 04:11:47.684123
349747a6-b350-4fc3-94a0-319985027eae,Meet team keep.,50731cf2-5745-4fbc-a480-fe7113f1520c,2025-03-23 07:10:43.987937
eb6b3100-7561-4ff1-a5bd-b8a3ef58d2d7,Guess back alone popular.,d2ec4243-2256-4597-80cf-125c4319d66f,2025-03-03 15:45:00.509617
e59bead9-54ba-448f-b0de-4db2629d37d6,Price already which child.,e6644ba3-af8e-446b-9e24-162f6b05d824,2025-01-13 01:00:31.513386
06bcff50-473a-4eaf-a55c-1b8f6e327778,Present probably ask necessary statement argue.,fda5e13d-0f99-472f-99af-8a901bfc45ac,2025-01-24 03:48:03.469217
c028a215-0eb3-48b6-b5cf-b03b4542d64d,Discussion spend approach our industry down across.,e178b7c2-0e5a-4b0e-a7ad-afc1badc91f8,2025-04-11 22:56:43.855991
a26cc0a1-7c61-4738-a116-bd2c98368284,Final town reveal special.,b7efcb0a-3847-4745-a9a5-a669bd21fd2a,2025-01-15 18:07:59.235681
ebe631be-f951-4b29-81b4-b29322aef0bf,Very allow open make weight southern most second.,1fd0ff14-1b8b-48f6-a40b-b9257057322b,2025-02-15 00:03:18.857604
5f05242e-0edf-4757-be86-9ccc1893da0e,Serious piece push hold wrong.,43a0434a-6c4a-4fc9-a8b8-ca5be09e01cc,2025-04-04 00:25:55.493564
b463ba69-5f48-48b5-a438-3b642b2fc61d,Dark individual free rule provide social keep response.,e178b7c2-0e5a-4b0e-a7ad-afc1badc91f8,2025-02-25 06:29:12.073632
ef15422c-9a5f-4ff6-b0db-5e838d67f31d,So concern mouth price myself approach.,66e19318-5480-405e-b259-077b6439681d,2025-02-14 02:11:26.823292
c689b188-3b1e-4e02-b167-9d9c7bc2f50d,Newspaper notice nor away score join.,b7efcb0a-3847-4745-a9a5-a669bd21fd2a,2025-01-15 04:15:24.717676
09a2758f-bebc-4d72-a409-4d7722d34251,Letter add I top drug yourself serious.,43a0434a-6c4a-4fc9-a8b8-ca5be09e01cc,2025-04-26 07:53:39.240825
fa155f1d-c10b-463e-9e1b-f8e48675bae6,Since become almost argue personal.,fda5e13d-0f99-472f-99af-8a901bfc45ac,2025-01-24 19:01:29.997139
1e35da89-f55b-4ded-9745-fb7bbf0badfa,Sport with stop figure hand.,ef11ca3d-3647-441f-bfab-4c56acb061bd,2025-01-02 07:08:55.773950
dce937f6-9309-4ab8-83f2-a94cfa4a6932,Girl away whatever building.,dcd0de93-5441-41f0-b7c2-601414e4d197,2025-03-05 23:36:15.191620
73496e35-23a6-4356-a61b-024f4880c3ec,Century somebody mean add material.,e178b7c2-0e5a-4b0e-a7ad-afc1badc91f8,2025-03-27 04:57:00.578923
e9481c93-8ed7-412d-bf86-d29239fc387b,Bed Mrs large group coach increase.,0258aa08-c8a6-4102-80bc-25fea87a6101,2025-01-31 20:43:17.845287
0d57e770-e106-4c75-a511-35b79e0f2642,Yourself why collection national bill very firm work.,e2cfd331-bcc4-4ba5-b0fb-40e4a7e3b317,2025-02-20 20:25:22.935677
f5b0753b-74af-4786-9730-72d96e3151ba,Also choose buy mouth.,dcd0de93-5441-41f0-b7c2-601414e4d197,2025-04-25 23:56:44.644636
8761d628-69ef-4a1e-b6e3-1644b846e626,Matter million involve pay ball.,1fd0ff14-1b8b-48f6-a40b-b9257057322b,2025-04-25 17:58:54.142540
d4472f60-1114-4914-99be-121ada1d6555,Because paper company.,dcd0de93-5441-41f0-b7c2-601414e4d197,2025-01-04 10:15:06.959229
a24a0033-8a0c-4b1e-9aed-a2febb3c15b2,Check performance task deal blue discussion prepare.,896d89e7-8a09-4c65-8d39-993edc87361e,2025-02-26 08:16:43.609536
15d62e0f-e4a6-41e7-869c-67b1c6cba957,Reflect skill story available.,dcd0de93-5441-41f0-b7c2-601414e4d197,2025-02-18 22:04:21.657019
4eedea4e-99db-43bc-ab29-38677badb5e0,Month those last without anything soldier painting.,fcb0a6e6-c97f-4d59-8f19-35e2668951c6,2025-02-25 19:07:24.942947
3638d343-3dad-4435-bfd6-c19aa367383e,Professional address so rest message.,e178b7c2-0e5a-4b0e-a7ad-afc1badc91f8,2025-01-19 21:53:20.331851
d79b2277-b5ef-4ca3-b8b1-27bd9d1839ae,You respond suggest minute reason how cell.,66e19318-5480-405e-b259-077b6439681d,2025-04-13 20:11:26.694661
5f1179de-7a80-443a-af27-93af0874c85a,Occur police foreign baby beyond go turn.,09ffa5c3-e673-432e-99d3-1c8695ecedf1,2025-01-28 13:20:39.861603
c8b5afb1-8406-410c-862d-926f01db5038,Standard idea be federal player soldier room.,896d89e7-8a09-4c65-8d39-993edc87361e,2025-01-19 12:24:44.871278
f5a05b13-cc60-446d-af6c-5ca19b102407,They beyond yes attorney.,b7efcb0a-3847-4745-a9a5-a669bd21fd2a,2025-02-24 12:16:48.189464
de402fd1-c3ca-4c3b-a79e-9cedbaaa5f55,Actually population defense impact.,50731cf2-5745-4fbc-a480-fe7113f1520c,2025-04-04 02:43:26.226005
d61e036d-51c0-4f78-91fa-3252fb78d8c0,Claim size meet dream.,5fb8a0e4-0a58-48e7-818c-f83ae1c267d3,2025-02-18 08:54:36.422188
34eeaddd-23c7-42a6-8cb5-2fa0e2061c80,Arm meet travel heart race.,e2cfd331-bcc4-4ba5-b0fb-40e4a7e3b317,2025-02-07 06:54:32.470816
abc048da-82d5-4a12-893b-005debbee15b,Drug nation need raise mean.,896d89e7-8a09-4c65-8d39-993edc87361e,2025-03-30 06:43:14.556759
c713b673-f635-4460-b469-84a6e40f5999,Notice thousand half movement executive sense debate.,b7efcb0a-3847-4745-a9a5-a669bd21fd2a,2025-03-23 19:08:45.770863
