user_id,username,email,password_hash,registered_at
09ffa5c3-e673-432e-99d3-1c8695ecedf1,nancy45,kathleenboyd@example.net,%$5YpiKrMd,2025-04-11 00:07:52.695667
e178b7c2-0e5a-4b0e-a7ad-afc1badc91f8,frankarnold,zcastro@example.net,WSQ1BA*g)A,2025-01-26 22:35:32.317787
e2cfd331-bcc4-4ba5-b0fb-40e4a7e3b317,edwardsjoel,andrew32@example.net,d8!oPPDU!e,2025-01-31 13:37:03.517024
8980e78d-0ac1-40c3-b73a-c7885ca5754c,brendanlopez,oscarsmith@example.com,3nNI)Lg6*n,2025-01-21 00:22:13.491023
66e19318-5480-405e-b259-077b6439681d,hjones,elizabeth12@example.net,+iellIC^$2,2025-04-06 21:04:05.639787
fda5e13d-0f99-472f-99af-8a901bfc45ac,ryancalhoun,nicole58@example.net,vlUZMiSL^3,2025-04-10 21:02:55.668149
b7efcb0a-3847-4745-a9a5-a669bd21fd2a,laurahunt,lauren74@example.com,$Zi4QQBa*#,2025-02-03 10:08:54.143942
28bb5788-c19a-45c1-9d48-ed101e54ddac,ldaniels,christie84@example.org,OaU1aZGp$M,2025-01-05 10:37:19.477705
50731cf2-5745-4fbc-a480-fe7113f1520c,ruthmartin,howard62@example.org,(X5uPq2SFL,2025-02-15 15:21:31.098923
d2ec4243-2256-4597-80cf-125c4319d66f,slyons,ojones@example.com,$mZMeg!o2!,2025-02-02 14:37:40.456371
fcb0a6e6-c97f-4d59-8f19-35e2668951c6,romanelizabeth,robert25@example.net,VIUx#CLQ)4,2025-01-13 01:30:11.549778
dcd0de93-5441-41f0-b7c2-601414e4d197,ortizrobert,jcalderon@example.org,O1YzaKXs@B,2025-03-09 07:32:28.869919
896d89e7-8a09-4c65-8d39-993edc87361e,alvarezamy,holly76@example.org,K^j9CXO!Fw,2025-04-25 18:59:27.809789
5fb8a0e4-0a58-48e7-818c-f83ae1c267d3,larry88,jhicks@example.org,Qh_gRmOt_4,2025-04-07 21:56:56.887959
1fd0ff14-1b8b-48f6-a40b-b9257057322b,travisparsons,leedavid@example.net,_7NiehYgiJ,2025-01-03 16:21:00.890941
0258aa08-c8a6-4102-80bc-25fea87a6101,cathybrown,anthony59@example.org,glmBqR9X&3,2025-04-13 07:37:27.705268
8621f3ca-b880-4ff6-90be-4f452da51eca,holmesjames,williamsmichaela@example.com,5suHbMEY%5,2025-03-02 01:46:51.163446
43a0434a-6c4a-4fc9-a8b8-ca5be09e01cc,lerichard,michelle85@example.org,A#0g6(Mw^L,2025-03-05 10:11:41.133293
ef11ca3d-3647-441f-bfab-4c56acb061bd,jwilliams,stephaniehouston@example.org,U(mP!SXuK3,2025-01-04 15:27:20.295746
e6644ba3-af8e-446b-9e24-162f6b05d824,vasquezdebra,joshuabentley@example.net,&Sb6WeekUS,2025-03-04 06:53:55.442157
